Workbook

Sheet BaseDeCalcul
D1: Niveau | E1: P01 | F1: P02 | G1: P03 | H1: C | I1: NC | J1: NA | K1: NT | P1: P01 | Q1: P02 | R1: P03 | S1: TOTAL D
A3: 1 | B3: =#REF! -> #REF! | C3: =#REF! -> #REF! | D3: A | E3: =#REF! -> #REF! | F3: =#REF! -> #REF! | G3: =#REF! -> #REF! | H3: =COUNTIF(E3:G3,"C") -> 0 | I3: =COUNTIF(E3:G3,"NC") -> 0 | J3: =COUNTIF(E3:G3,"NA") -> 0 | K3: =COUNTIF(E3:G3,"NT") -> 0 | L3: =IF(I3>0,"NC",IF(H3>0,"C",IF(K3>0,"NT","NA"))) -> NA | M3: 1 | N3: =#REF! -> #REF! | O3: =#REF! -> #REF! | P3: =#REF! -> #REF! | Q3: =#REF! -> #REF! | R3: =#REF! -> #REF! | S3: =COUNTIF(P3:R3,"D") -> 0
A4: 1 | B4: =#REF! -> #REF! | C4: =#REF! -> #REF! | D4: A | E4: =#REF! -> #REF! | F4: =#REF! -> #REF! | G4: =#REF! -> #REF! | H4: =COUNTIF(E4:G4,"C") -> 0 | I4: =COUNTIF(E4:G4,"NC") -> 0 | J4: =COUNTIF(E4:G4,"NA") -> 0 | K4: =COUNTIF(E4:G4,"NT") -> 0 | L4: =IF(I4>0,"NC",IF(H4>0,"C",IF(K4>0,"NT","NA"))) -> NA | M4: 1 | N4: =#REF! -> #REF! | O4: =#REF! -> #REF! | P4: =#REF! -> #REF! | Q4: =#REF! -> #REF! | R4: =#REF! -> #REF! | S4: =COUNTIF(P4:R4,"D") -> 0
A5: 1 | B5: =#REF! -> #REF! | C5: =#REF! -> #REF! | D5: A | E5: =#REF! -> #REF! | F5: =#REF! -> #REF! | G5: =#REF! -> #REF! | H5: =COUNTIF(E5:G5,"C") -> 0 | I5: =COUNTIF(E5:G5,"NC") -> 0 | J5: =COUNTIF(E5:G5,"NA") -> 0 | K5: =COUNTIF(E5:G5,"NT") -> 0 | L5: =IF(I5>0,"NC",IF(H5>0,"C",IF(K5>0,"NT","NA"))) -> NA | M5: 1 | N5: =#REF! -> #REF! | O5: =#REF! -> #REF! | P5: =#REF! -> #REF! | Q5: =#REF! -> #REF! | R5: =#REF! -> #REF! | S5: =COUNTIF(P5:R5,"D") -> 0
A6: 1 | B6: =#REF! -> #REF! | C6: =#REF! -> #REF! | D6: A | E6: =#REF! -> #REF! | F6: =#REF! -> #REF! | G6: =#REF! -> #REF! | H6: =COUNTIF(E6:G6,"C") -> 0 | I6: =COUNTIF(E6:G6,"NC") -> 0 | J6: =COUNTIF(E6:G6,"NA") -> 0 | K6: =COUNTIF(E6:G6,"NT") -> 0 | L6: =IF(I6>0,"NC",IF(H6>0,"C",IF(K6>0,"NT","NA"))) -> NA | M6: 1 | N6: =#REF! -> #REF! | O6: =#REF! -> #REF! | P6: =#REF! -> #REF! | Q6: =#REF! -> #REF! | R6: =#REF! -> #REF! | S6: =COUNTIF(P6:R6,"D") -> 0
A7: 1 | B7: =#REF! -> #REF! | C7: =#REF! -> #REF! | D7: A | E7: =#REF! -> #REF! | F7: =#REF! -> #REF! | G7: =#REF! -> #REF! | H7: =COUNTIF(E7:G7,"C") -> 0 | I7: =COUNTIF(E7:G7,"NC") -> 0 | J7: =COUNTIF(E7:G7,"NA") -> 0 | K7: =COUNTIF(E7:G7,"NT") -> 0 | L7: =IF(I7>0,"NC",IF(H7>0,"C",IF(K7>0,"NT","NA"))) -> NA | M7: 1 | N7: =#REF! -> #REF! | O7: =#REF! -> #REF! | P7: =#REF! -> #REF! | Q7: =#REF! -> #REF! | R7: =#REF! -> #REF! | S7: =COUNTIF(P7:R7,"D") -> 0
A8: 1 | B8: =#REF! -> #REF! | C8: =#REF! -> #REF! | D8: A | E8: =#REF! -> #REF! | F8: =#REF! -> #REF! | G8: =#REF! -> #REF! | H8: =COUNTIF(E8:G8,"C") -> 0 | I8: =COUNTIF(E8:G8,"NC") -> 0 | J8: =COUNTIF(E8:G8,"NA") -> 0 | K8: =COUNTIF(E8:G8,"NT") -> 0 | L8: =IF(I8>0,"NC",IF(H8>0,"C",IF(K8>0,"NT","NA"))) -> NA | M8: 1 | N8: =#REF! -> #REF! | O8: =#REF! -> #REF! | P8: =#REF! -> #REF! | Q8: =#REF! -> #REF! | R8: =#REF! -> #REF! | S8: =COUNTIF(P8:R8,"D") -> 0
A9: 1 | B9: =#REF! -> #REF! | C9: =#REF! -> #REF! | D9: A | E9: =#REF! -> #REF! | F9: =#REF! -> #REF! | G9: =#REF! -> #REF! | H9: =COUNTIF(E9:G9,"C") -> 0 | I9: =COUNTIF(E9:G9,"NC") -> 0 | J9: =COUNTIF(E9:G9,"NA") -> 0 | K9: =COUNTIF(E9:G9,"NT") -> 0 | L9: =IF(I9>0,"NC",IF(H9>0,"C",IF(K9>0,"NT","NA"))) -> NA | M9: 1 | N9: =#REF! -> #REF! | O9: =#REF! -> #REF! | P9: =#REF! -> #REF! | Q9: =#REF! -> #REF! | R9: =#REF! -> #REF! | S9: =COUNTIF(P9:R9,"D") -> 0
H10: =SUM(H3:H9) -> 0 | I10: =SUM(I3:I9) -> 0 | J10: =SUM(J3:J9) -> 0 | K10: =SUM(K3:K9) -> 0 | S10: =SUM(S1:S9) -> 0
A11: 2 | B11: =#REF! -> #REF! | C11: =#REF! -> #REF! | D11: A | E11: =#REF! -> #REF! | F11: =#REF! -> #REF! | G11: =#REF! -> #REF! | H11: =COUNTIF(E11:G11,"C") -> 0 | I11: =COUNTIF(E11:G11,"NC") -> 0 | J11: =COUNTIF(E11:G11,"NA") -> 0 | K11: =COUNTIF(E11:G11,"NT") -> 0 | L11: =IF(I11>0,"NC",IF(H11>0,"C",IF(K11>0,"NT","NA"))) -> NA | M11: 2 | N11: =#REF! -> #REF! | O11: =#REF! -> #REF! | P11: =#REF! -> #REF! | Q11: =#REF! -> #REF! | R11: =#REF! -> #REF! | S11: =COUNTIF(P11:R11,"D") -> 0
H12: =SUM(H11:H11) -> 0 | I12: =SUM(I11:I11) -> 0 | J12: =SUM(J11:J11) -> 0 | K12: =SUM(K11:K11) -> 0 | S12: =SUM(S11:S11) -> 0
A13: 3 | B13: =#REF! -> #REF! | C13: =#REF! -> #REF! | D13: A | E13: =#REF! -> #REF! | F13: =#REF! -> #REF! | G13: =#REF! -> #REF! | H13: =COUNTIF(E13:G13,"C") -> 0 | I13: =COUNTIF(E13:G13,"NC") -> 0 | J13: =COUNTIF(E13:G13,"NA") -> 0 | K13: =COUNTIF(E13:G13,"NT") -> 0 | L13: =IF(I13>0,"NC",IF(H13>0,"C",IF(K13>0,"NT","NA"))) -> NA | M13: 3 | N13: =#REF! -> #REF! | O13: =#REF! -> #REF! | P13: =#REF! -> #REF! | Q13: =#REF! -> #REF! | R13: =#REF! -> #REF! | S13: =COUNTIF(P13:R13,"D") -> 0
A14: 3 | B14: =#REF! -> #REF! | C14: =#REF! -> #REF! | D14: AA | E14: =#REF! -> #REF! | F14: =#REF! -> #REF! | G14: =#REF! -> #REF! | H14: =COUNTIF(E14:G14,"C") -> 0 | I14: =COUNTIF(E14:G14,"NC") -> 0 | J14: =COUNTIF(E14:G14,"NA") -> 0 | K14: =COUNTIF(E14:G14,"NT") -> 0 | L14: =IF(I14>0,"NC",IF(H14>0,"C",IF(K14>0,"NT","NA"))) -> NA | M14: 3 | N14: =#REF! -> #REF! | O14: =#REF! -> #REF! | P14: =#REF! -> #REF! | Q14: =#REF! -> #REF! | R14: =#REF! -> #REF! | S14: =COUNTIF(P14:R14,"D") -> 0
H15: =SUM(H13:H14) -> 0 | I15: =SUM(I13:I14) -> 0 | J15: =SUM(J13:J14) -> 0 | K15: =SUM(K13:K14) -> 0 | S15: =SUM(S13:S14) -> 0
A16: 4 | B16: =#REF! -> #REF! | C16: =#REF! -> #REF! | D16: A | E16: =#REF! -> #REF! | F16: =#REF! -> #REF! | G16: =#REF! -> #REF! | H16: =COUNTIF(E16:G16,"C") -> 0 | I16: =COUNTIF(E16:G16,"NC") -> 0 | J16: =COUNTIF(E16:G16,"NA") -> 0 | K16: =COUNTIF(E16:G16,"NT") -> 0 | L16: =IF(I16>0,"NC",IF(H16>0,"C",IF(K16>0,"NT","NA"))) -> NA | M16: 4 | N16: =#REF! -> #REF! | O16: =#REF! -> #REF! | P16: =#REF! -> #REF! | Q16: =#REF! -> #REF! | R16: =#REF! -> #REF! | S16: =COUNTIF(P16:R16,"D") -> 0
A17: 4 | B17: =#REF! -> #REF! | C17: =#REF! -> #REF! | D17: A | E17: =#REF! -> #REF! | F17: =#REF! -> #REF! | G17: =#REF! -> #REF! | H17: =COUNTIF(E17:G17,"C") -> 0 | I17: =COUNTIF(E17:G17,"NC") -> 0 | J17: =COUNTIF(E17:G17,"NA") -> 0 | K17: =COUNTIF(E17:G17,"NT") -> 0 | L17: =IF(I17>0,"NC",IF(H17>0,"C",IF(K17>0,"NT","NA"))) -> NA | M17: 4 | N17: =#REF! -> #REF! | O17: =#REF! -> #REF! | P17: =#REF! -> #REF! | Q17: =#REF! -> #REF! | R17: =#REF! -> #REF! | S17: =COUNTIF(P17:R17,"D") -> 0
A18: 4 | B18: =#REF! -> #REF! | C18: =#REF! -> #REF! | D18: A | E18: =#REF! -> #REF! | F18: =#REF! -> #REF! | G18: =#REF! -> #REF! | H18: =COUNTIF(E18:G18,"C") -> 0 | I18: =COUNTIF(E18:G18,"NC") -> 0 | J18: =COUNTIF(E18:G18,"NA") -> 0 | K18: =COUNTIF(E18:G18,"NT") -> 0 | L18: =IF(I18>0,"NC",IF(H18>0,"C",IF(K18>0,"NT","NA"))) -> NA | M18: 4 | N18: =#REF! -> #REF! | O18: =#REF! -> #REF! | P18: =#REF! -> #REF! | Q18: =#REF! -> #REF! | R18: =#REF! -> #REF! | S18: =COUNTIF(P18:R18,"D") -> 0
A19: 4 | B19: =#REF! -> #REF! | C19: =#REF! -> #REF! | D19: A | E19: =#REF! -> #REF! | F19: =#REF! -> #REF! | G19: =#REF! -> #REF! | H19: =COUNTIF(E19:G19,"C") -> 0 | I19: =COUNTIF(E19:G19,"NC") -> 0 | J19: =COUNTIF(E19:G19,"NA") -> 0 | K19: =COUNTIF(E19:G19,"NT") -> 0 | L19: =IF(I19>0,"NC",IF(H19>0,"C",IF(K19>0,"NT","NA"))) -> NA | M19: 4 | N19: =#REF! -> #REF! | O19: =#REF! -> #REF! | P19: =#REF! -> #REF! | Q19: =#REF! -> #REF! | R19: =#REF! -> #REF! | S19: =COUNTIF(P19:R19,"D") -> 0
A20: 4 | B20: =#REF! -> #REF! | C20: =#REF! -> #REF! | D20: A | E20: =#REF! -> #REF! | F20: =#REF! -> #REF! | G20: =#REF! -> #REF! | H20: =COUNTIF(E20:G20,"C") -> 0 | I20: =COUNTIF(E20:G20,"NC") -> 0 | J20: =COUNTIF(E20:G20,"NA") -> 0 | K20: =COUNTIF(E20:G20,"NT") -> 0 | L20: =IF(I20>0,"NC",IF(H20>0,"C",IF(K20>0,"NT","NA"))) -> NA | M20: 4 | N20: =#REF! -> #REF! | O20: =#REF! -> #REF! | P20: =#REF! -> #REF! | Q20: =#REF! -> #REF! | R20: =#REF! -> #REF! | S20: =COUNTIF(P20:R20,"D") -> 0
A21: 4 | B21: =#REF! -> #REF! | C21: =#REF! -> #REF! | D21: A | E21: =#REF! -> #REF! | F21: =#REF! -> #REF! | G21: =#REF! -> #REF! | H21: =COUNTIF(E21:G21,"C") -> 0 | I21: =COUNTIF(E21:G21,"NC") -> 0 | J21: =COUNTIF(E21:G21,"NA") -> 0 | K21: =COUNTIF(E21:G21,"NT") -> 0 | L21: =IF(I21>0,"NC",IF(H21>0,"C",IF(K21>0,"NT","NA"))) -> NA | M21: 4 | N21: =#REF! -> #REF! | O21: =#REF! -> #REF! | P21: =#REF! -> #REF! | Q21: =#REF! -> #REF! | R21: =#REF! -> #REF! | S21: =COUNTIF(P21:R21,"D") -> 0
A22: 4 | B22: =#REF! -> #REF! | C22: =#REF! -> #REF! | D22: A | E22: =#REF! -> #REF! | F22: =#REF! -> #REF! | G22: =#REF! -> #REF! | H22: =COUNTIF(E22:G22,"C") -> 0 | I22: =COUNTIF(E22:G22,"NC") -> 0 | J22: =COUNTIF(E22:G22,"NA") -> 0 | K22: =COUNTIF(E22:G22,"NT") -> 0 | L22: =IF(I22>0,"NC",IF(H22>0,"C",IF(K22>0,"NT","NA"))) -> NA | M22: 4 | N22: =#REF! -> #REF! | O22: =#REF! -> #REF! | P22: =#REF! -> #REF! | Q22: =#REF! -> #REF! | R22: =#REF! -> #REF! | S22: =COUNTIF(P22:R22,"D") -> 0
A23: 4 | B23: =#REF! -> #REF! | C23: =#REF! -> #REF! | D23: A | E23: =#REF! -> #REF! | F23: =#REF! -> #REF! | G23: =#REF! -> #REF! | H23: =COUNTIF(E23:G23,"C") -> 0 | I23: =COUNTIF(E23:G23,"NC") -> 0 | J23: =COUNTIF(E23:G23,"NA") -> 0 | K23: =COUNTIF(E23:G23,"NT") -> 0 | L23: =IF(I23>0,"NC",IF(H23>0,"C",IF(K23>0,"NT","NA"))) -> NA | M23: 4 | N23: =#REF! -> #REF! | O23: =#REF! -> #REF! | P23: =#REF! -> #REF! | Q23: =#REF! -> #REF! | R23: =#REF! -> #REF! | S23: =COUNTIF(P23:R23,"D") -> 0
H24: =SUM(H16:H23) -> 0 | I24: =SUM(I16:I23) -> 0 | J24: =SUM(J16:J23) -> 0 | K24: =SUM(K16:K23) -> 0 | S24: =SUM(S16:S23) -> 0
A25: 5 | B25: =#REF! -> #REF! | C25: =#REF! -> #REF! | D25: A | E25: =#REF! -> #REF! | F25: =#REF! -> #REF! | G25: =#REF! -> #REF! | H25: =COUNTIF(E25:G25,"C") -> 0 | I25: =COUNTIF(E25:G25,"NC") -> 0 | J25: =COUNTIF(E25:G25,"NA") -> 0 | K25: =COUNTIF(E25:G25,"NT") -> 0 | L25: =IF(I25>0,"NC",IF(H25>0,"C",IF(K25>0,"NT","NA"))) -> NA | M25: 5 | N25: =#REF! -> #REF! | O25: =#REF! -> #REF! | P25: =#REF! -> #REF! | Q25: =#REF! -> #REF! | R25: =#REF! -> #REF! | S25: =COUNTIF(P25:R25,"D") -> 0
A26: 5 | B26: =#REF! -> #REF! | C26: =#REF! -> #REF! | D26: A | E26: =#REF! -> #REF! | F26: =#REF! -> #REF! | G26: =#REF! -> #REF! | H26: =COUNTIF(E26:G26,"C") -> 0 | I26: =COUNTIF(E26:G26,"NC") -> 0 | J26: =COUNTIF(E26:G26,"NA") -> 0 | K26: =COUNTIF(E26:G26,"NT") -> 0 | L26: =IF(I26>0,"NC",IF(H26>0,"C",IF(K26>0,"NT","NA"))) -> NA | M26: 5 | N26: =#REF! -> #REF! | O26: =#REF! -> #REF! | P26: =#REF! -> #REF! | Q26: =#REF! -> #REF! | R26: =#REF! -> #REF! | S26: =COUNTIF(P26:R26,"D") -> 0
H27: =SUM(H25:H26) -> 0 | I27: =SUM(I25:I26) -> 0 | J27: =SUM(J25:J26) -> 0 | K27: =SUM(K25:K26) -> 0 | S27: =SUM(S25:S26) -> 0
A28: 6 | B28: =#REF! -> #REF! | C28: =#REF! -> #REF! | D28: A | E28: =#REF! -> #REF! | F28: =#REF! -> #REF! | G28: =#REF! -> #REF! | H28: =COUNTIF(E28:G28,"C") -> 0 | I28: =COUNTIF(E28:G28,"NC") -> 0 | J28: =COUNTIF(E28:G28,"NA") -> 0 | K28: =COUNTIF(E28:G28,"NT") -> 0 | L28: =IF(I28>0,"NC",IF(H28>0,"C",IF(K28>0,"NT","NA"))) -> NA | M28: 6 | N28: =#REF! -> #REF! | O28: =#REF! -> #REF! | P28: =#REF! -> #REF! | Q28: =#REF! -> #REF! | R28: =#REF! -> #REF! | S28: =COUNTIF(P28:R28,"D") -> 0
A29: 6 | B29: =#REF! -> #REF! | C29: =#REF! -> #REF! | D29: A | E29: =#REF! -> #REF! | F29: =#REF! -> #REF! | G29: =#REF! -> #REF! | H29: =COUNTIF(E29:G29,"C") -> 0 | I29: =COUNTIF(E29:G29,"NC") -> 0 | J29: =COUNTIF(E29:G29,"NA") -> 0 | K29: =COUNTIF(E29:G29,"NT") -> 0 | L29: =IF(I29>0,"NC",IF(H29>0,"C",IF(K29>0,"NT","NA"))) -> NA | M29: 6 | N29: =#REF! -> #REF! | O29: =#REF! -> #REF! | P29: =#REF! -> #REF! | Q29: =#REF! -> #REF! | R29: =#REF! -> #REF! | S29: =COUNTIF(P29:R29,"D") -> 0
H30: =SUM(H28:H29) -> 0 | I30: =SUM(I28:I29) -> 0 | J30: =SUM(J28:J29) -> 0 | K30: =SUM(K28:K29) -> 0 | S30: =SUM(S28:S29) -> 0
A31: 7 | B31: =#REF! -> #REF! | C31: =#REF! -> #REF! | D31: A | E31: =#REF! -> #REF! | F31: =#REF! -> #REF! | G31: =#REF! -> #REF! | H31: =COUNTIF(E31:G31,"C") -> 0 | I31: =COUNTIF(E31:G31,"NC") -> 0 | J31: =COUNTIF(E31:G31,"NA") -> 0 | K31: =COUNTIF(E31:G31,"NT") -> 0 | L31: =IF(I31>0,"NC",IF(H31>0,"C",IF(K31>0,"NT","NA"))) -> NA | M31: 7 | N31: =#REF! -> #REF! | O31: =#REF! -> #REF! | P31: =#REF! -> #REF! | Q31: =#REF! -> #REF! | R31: =#REF! -> #REF! | S31: =COUNTIF(P31:R31,"D") -> 0
H32: =SUM(H31:H31) -> 0 | I32: =SUM(I31:I31) -> 0 | J32: =SUM(J31:J31) -> 0 | K32: =SUM(K31:K31) -> 0 | S32: =SUM(S31:S31) -> 0
A33: 8 | B33: 8.1 | C33: =#REF! -> #REF! | D33: A | E33: =#REF! -> #REF! | F33: =#REF! -> #REF! | G33: =#REF! -> #REF! | H33: =COUNTIF(E33:G33,"C") -> 0 | I33: =COUNTIF(E33:G33,"NC") -> 0 | J33: =COUNTIF(E33:G33,"NA") -> 0 | K33: =COUNTIF(E33:G33,"NT") -> 0 | L33: =IF(I33>0,"NC",IF(H33>0,"C",IF(K33>0,"NT","NA"))) -> NA | M33: 8 | N33: 8.1 | O33: =#REF! -> #REF! | P33: =#REF! -> #REF! | Q33: =#REF! -> #REF! | R33: =#REF! -> #REF! | S33: =COUNTIF(P33:R33,"D") -> 0
A34: 8 | B34: 8.2 | C34: =#REF! -> #REF! | D34: A | E34: =#REF! -> #REF! | F34: =#REF! -> #REF! | G34: =#REF! -> #REF! | H34: =COUNTIF(E34:G34,"C") -> 0 | I34: =COUNTIF(E34:G34,"NC") -> 0 | J34: =COUNTIF(E34:G34,"NA") -> 0 | K34: =COUNTIF(E34:G34,"NT") -> 0 | L34: =IF(I34>0,"NC",IF(H34>0,"C",IF(K34>0,"NT","NA"))) -> NA | M34: 8 | N34: 8.2 | O34: =#REF! -> #REF! | P34: =#REF! -> #REF! | Q34: =#REF! -> #REF! | R34: =#REF! -> #REF! | S34: =COUNTIF(P34:R34,"D") -> 0
A35: 8 | B35: 8.3 | C35: =#REF! -> #REF! | D35: A | E35: =#REF! -> #REF! | F35: =#REF! -> #REF! | G35: =#REF! -> #REF! | H35: =COUNTIF(E35:G35,"C") -> 0 | I35: =COUNTIF(E35:G35,"NC") -> 0 | J35: =COUNTIF(E35:G35,"NA") -> 0 | K35: =COUNTIF(E35:G35,"NT") -> 0 | L35: =IF(I35>0,"NC",IF(H35>0,"C",IF(K35>0,"NT","NA"))) -> NA | M35: 8 | N35: 8.3 | O35: =#REF! -> #REF! | P35: =#REF! -> #REF! | Q35: =#REF! -> #REF! | R35: =#REF! -> #REF! | S35: =COUNTIF(P35:R35,"D") -> 0
A36: 8 | B36: =#REF! -> #REF! | C36: =#REF! -> #REF! | D36: A | E36: =#REF! -> #REF! | F36: =#REF! -> #REF! | G36: =#REF! -> #REF! | H36: =COUNTIF(E36:G36,"C") -> 0 | I36: =COUNTIF(E36:G36,"NC") -> 0 | J36: =COUNTIF(E36:G36,"NA") -> 0 | K36: =COUNTIF(E36:G36,"NT") -> 0 | L36: =IF(I36>0,"NC",IF(H36>0,"C",IF(K36>0,"NT","NA"))) -> NA | M36: 8 | N36: =#REF! -> #REF! | O36: =#REF! -> #REF! | P36: =#REF! -> #REF! | Q36: =#REF! -> #REF! | R36: =#REF! -> #REF! | S36: =COUNTIF(P36:R36,"D") -> 0
A37: 8 | B37: =#REF! -> #REF! | C37: =#REF! -> #REF! | D37: A | E37: =#REF! -> #REF! | F37: =#REF! -> #REF! | G37: =#REF! -> #REF! | H37: =COUNTIF(E37:G37,"C") -> 0 | I37: =COUNTIF(E37:G37,"NC") -> 0 | J37: =COUNTIF(E37:G37,"NA") -> 0 | K37: =COUNTIF(E37:G37,"NT") -> 0 | L37: =IF(I37>0,"NC",IF(H37>0,"C",IF(K37>0,"NT","NA"))) -> NA | M37: 8 | N37: =#REF! -> #REF! | O37: =#REF! -> #REF! | P37: =#REF! -> #REF! | Q37: =#REF! -> #REF! | R37: =#REF! -> #REF! | S37: =COUNTIF(P37:R37,"D") -> 0
A38: 8 | B38: =#REF! -> #REF! | C38: =#REF! -> #REF! | D38: A | E38: =#REF! -> #REF! | F38: =#REF! -> #REF! | G38: =#REF! -> #REF! | H38: =COUNTIF(E38:G38,"C") -> 0 | I38: =COUNTIF(E38:G38,"NC") -> 0 | J38: =COUNTIF(E38:G38,"NA") -> 0 | K38: =COUNTIF(E38:G38,"NT") -> 0 | L38: =IF(I38>0,"NC",IF(H38>0,"C",IF(K38>0,"NT","NA"))) -> NA | M38: 8 | N38: =#REF! -> #REF! | O38: =#REF! -> #REF! | P38: =#REF! -> #REF! | Q38: =#REF! -> #REF! | R38: =#REF! -> #REF! | S38: =COUNTIF(P38:R38,"D") -> 0
A39: 8 | B39: =#REF! -> #REF! | C39: =#REF! -> #REF! | D39: AA | E39: =#REF! -> #REF! | F39: =#REF! -> #REF! | G39: =#REF! -> #REF! | H39: =COUNTIF(E39:G39,"C") -> 0 | I39: =COUNTIF(E39:G39,"NC") -> 0 | J39: =COUNTIF(E39:G39,"NA") -> 0 | K39: =COUNTIF(E39:G39,"NT") -> 0 | L39: =IF(I39>0,"NC",IF(H39>0,"C",IF(K39>0,"NT","NA"))) -> NA | M39: 8 | N39: =#REF! -> #REF! | O39: =#REF! -> #REF! | P39: =#REF! -> #REF! | Q39: =#REF! -> #REF! | R39: =#REF! -> #REF! | S39: =COUNTIF(P39:R39,"D") -> 0
A40: 8 | B40: =#REF! -> #REF! | C40: =#REF! -> #REF! | D40: AA | E40: =#REF! -> #REF! | F40: =#REF! -> #REF! | G40: =#REF! -> #REF! | H40: =COUNTIF(E40:G40,"C") -> 0 | I40: =COUNTIF(E40:G40,"NC") -> 0 | J40: =COUNTIF(E40:G40,"NA") -> 0 | K40: =COUNTIF(E40:G40,"NT") -> 0 | L40: =IF(I40>0,"NC",IF(H40>0,"C",IF(K40>0,"NT","NA"))) -> NA | M40: 8 | N40: =#REF! -> #REF! | O40: =#REF! -> #REF! | P40: =#REF! -> #REF! | Q40: =#REF! -> #REF! | R40: =#REF! -> #REF! | S40: =COUNTIF(P40:R40,"D") -> 0
H41: =SUM(H34:H40) -> 0 | I41: =SUM(I34:I40) -> 0 | J41: =SUM(J34:J40) -> 0 | K41: =SUM(K33:K40) -> 0 | S41: =SUM(S33:S40) -> 0
A42: 9 | B42: =#REF! -> #REF! | C42: =#REF! -> #REF! | D42: A | E42: =#REF! -> #REF! | F42: =#REF! -> #REF! | G42: =#REF! -> #REF! | H42: =COUNTIF(E42:G42,"C") -> 0 | I42: =COUNTIF(E42:G42,"NC") -> 0 | J42: =COUNTIF(E42:G42,"NA") -> 0 | K42: =COUNTIF(E42:G42,"NT") -> 0 | L42: =IF(I42>0,"NC",IF(H42>0,"C",IF(K42>0,"NT","NA"))) -> NA | M42: 9 | N42: =#REF! -> #REF! | O42: =#REF! -> #REF! | P42: =#REF! -> #REF! | Q42: =#REF! -> #REF! | R42: =#REF! -> #REF! | S42: =COUNTIF(P42:R42,"D") -> 0
A43: 9 | B43: =#REF! -> #REF! | C43: =#REF! -> #REF! | D43: A | E43: =#REF! -> #REF! | F43: =#REF! -> #REF! | G43: =#REF! -> #REF! | H43: =COUNTIF(E43:G43,"C") -> 0 | I43: =COUNTIF(E43:G43,"NC") -> 0 | J43: =COUNTIF(E43:G43,"NA") -> 0 | K43: =COUNTIF(E43:G43,"NT") -> 0 | L43: =IF(I43>0,"NC",IF(H43>0,"C",IF(K43>0,"NT","NA"))) -> NA | M43: 9 | N43: =#REF! -> #REF! | O43: =#REF! -> #REF! | P43: =#REF! -> #REF! | Q43: =#REF! -> #REF! | R43: =#REF! -> #REF! | S43: =COUNTIF(P43:R43,"D") -> 0
H44: =SUM(H42:H43) -> 0 | I44: =SUM(I42:I43) -> 0 | J44: =SUM(J42:J43) -> 0 | K44: =SUM(K42:K43) -> 0 | S44: =SUM(S42:S43) -> 0
A45: 10 | B45: =#REF! -> #REF! | C45: =#REF! -> #REF! | D45: A | E45: =#REF! -> #REF! | F45: =#REF! -> #REF! | G45: =#REF! -> #REF! | H45: =COUNTIF(E45:G45,"C") -> 0 | I45: =COUNTIF(E45:G45,"NC") -> 0 | J45: =COUNTIF(E45:G45,"NA") -> 0 | K45: =COUNTIF(E45:G45,"NT") -> 0 | L45: =IF(I45>0,"NC",IF(H45>0,"C",IF(K45>0,"NT","NA"))) -> NA | M45: 10 | N45: =#REF! -> #REF! | O45: =#REF! -> #REF! | P45: =#REF! -> #REF! | Q45: =#REF! -> #REF! | R45: =#REF! -> #REF! | S45: =COUNTIF(P45:R45,"D") -> 0
A46: 10 | B46: =#REF! -> #REF! | C46: =#REF! -> #REF! | D46: A | E46: =#REF! -> #REF! | F46: =#REF! -> #REF! | G46: =#REF! -> #REF! | H46: =COUNTIF(E46:G46,"C") -> 0 | I46: =COUNTIF(E46:G46,"NC") -> 0 | J46: =COUNTIF(E46:G46,"NA") -> 0 | K46: =COUNTIF(E46:G46,"NT") -> 0 | L46: =IF(I46>0,"NC",IF(H46>0,"C",IF(K46>0,"NT","NA"))) -> NA | M46: 10 | N46: =#REF! -> #REF! | O46: =#REF! -> #REF! | P46: =#REF! -> #REF! | Q46: =#REF! -> #REF! | R46: =#REF! -> #REF! | S46: =COUNTIF(P46:R46,"D") -> 0
A47: 10 | B47: =#REF! -> #REF! | C47: =#REF! -> #REF! | D47: A | E47: =#REF! -> #REF! | F47: =#REF! -> #REF! | G47: =#REF! -> #REF! | H47: =COUNTIF(E47:G47,"C") -> 0 | I47: =COUNTIF(E47:G47,"NC") -> 0 | J47: =COUNTIF(E47:G47,"NA") -> 0 | K47: =COUNTIF(E47:G47,"NT") -> 0 | L47: =IF(I47>0,"NC",IF(H47>0,"C",IF(K47>0,"NT","NA"))) -> NA | M47: 10 | N47: =#REF! -> #REF! | O47: =#REF! -> #REF! | P47: =#REF! -> #REF! | Q47: =#REF! -> #REF! | R47: =#REF! -> #REF! | S47: =COUNTIF(P47:R47,"D") -> 0
A48: 10 | B48: =#REF! -> #REF! | C48: =#REF! -> #REF! | D48: A | E48: =#REF! -> #REF! | F48: =#REF! -> #REF! | G48: =#REF! -> #REF! | H48: =COUNTIF(E48:G48,"C") -> 0 | I48: =COUNTIF(E48:G48,"NC") -> 0 | J48: =COUNTIF(E48:G48,"NA") -> 0 | K48: =COUNTIF(E48:G48,"NT") -> 0 | L48: =IF(I48>0,"NC",IF(H48>0,"C",IF(K48>0,"NT","NA"))) -> NA | M48: 10 | N48: =#REF! -> #REF! | O48: =#REF! -> #REF! | P48: =#REF! -> #REF! | Q48: =#REF! -> #REF! | R48: =#REF! -> #REF! | S48: =COUNTIF(P48:R48,"D") -> 0
A49: 10 | B49: =#REF! -> #REF! | C49: =#REF! -> #REF! | D49: A | E49: =#REF! -> #REF! | F49: =#REF! -> #REF! | G49: =#REF! -> #REF! | H49: =COUNTIF(E49:G49,"C") -> 0 | I49: =COUNTIF(E49:G49,"NC") -> 0 | J49: =COUNTIF(E49:G49,"NA") -> 0 | K49: =COUNTIF(E49:G49,"NT") -> 0 | L49: =IF(I49>0,"NC",IF(H49>0,"C",IF(K49>0,"NT","NA"))) -> NA | M49: 10 | N49: =#REF! -> #REF! | O49: =#REF! -> #REF! | P49: =#REF! -> #REF! | Q49: =#REF! -> #REF! | R49: =#REF! -> #REF! | S49: =COUNTIF(P49:R49,"D") -> 0
H50: =SUM(H45:H49) -> 0 | I50: =SUM(I45:I49) -> 0 | J50: =SUM(J45:J49) -> 0 | K50: =SUM(K45:K49) -> 0 | S50: =SUM(S45:S49) -> 0
A51: 11 | B51: =#REF! -> #REF! | C51: =#REF! -> #REF! | D51: A | E51: =#REF! -> #REF! | F51: =#REF! -> #REF! | G51: =#REF! -> #REF! | H51: =COUNTIF(E51:G51,"C") -> 0 | I51: =COUNTIF(E51:G51,"NC") -> 0 | J51: =COUNTIF(E51:G51,"NA") -> 0 | K51: =COUNTIF(E51:G51,"NT") -> 0 | L51: =IF(I51>0,"NC",IF(H51>0,"C",IF(K51>0,"NT","NA"))) -> NA | M51: 11 | N51: =#REF! -> #REF! | O51: =#REF! -> #REF! | P51: =#REF! -> #REF! | Q51: =#REF! -> #REF! | R51: =#REF! -> #REF! | S51: =COUNTIF(P51:R51,"D") -> 0
A52: 11 | B52: =#REF! -> #REF! | C52: =#REF! -> #REF! | D52: A | E52: =#REF! -> #REF! | F52: =#REF! -> #REF! | G52: =#REF! -> #REF! | H52: =COUNTIF(E52:G52,"C") -> 0 | I52: =COUNTIF(E52:G52,"NC") -> 0 | J52: =COUNTIF(E52:G52,"NA") -> 0 | K52: =COUNTIF(E52:G52,"NT") -> 0 | L52: =IF(I52>0,"NC",IF(H52>0,"C",IF(K52>0,"NT","NA"))) -> NA | M52: 11 | N52: =#REF! -> #REF! | O52: =#REF! -> #REF! | P52: =#REF! -> #REF! | Q52: =#REF! -> #REF! | R52: =#REF! -> #REF! | S52: =COUNTIF(P52:R52,"D") -> 0
A53: 11 | B53: =#REF! -> #REF! | C53: =#REF! -> #REF! | D53: A | E53: =#REF! -> #REF! | F53: =#REF! -> #REF! | G53: =#REF! -> #REF! | H53: =COUNTIF(E53:G53,"C") -> 0 | I53: =COUNTIF(E53:G53,"NC") -> 0 | J53: =COUNTIF(E53:G53,"NA") -> 0 | K53: =COUNTIF(E53:G53,"NT") -> 0 | L53: =IF(I53>0,"NC",IF(H53>0,"C",IF(K53>0,"NT","NA"))) -> NA | M53: 11 | N53: =#REF! -> #REF! | O53: =#REF! -> #REF! | P53: =#REF! -> #REF! | Q53: =#REF! -> #REF! | R53: =#REF! -> #REF! | S53: =COUNTIF(P53:R53,"D") -> 0
A54: 11 | B54: =#REF! -> #REF! | C54: =#REF! -> #REF! | D54: A | E54: =#REF! -> #REF! | F54: =#REF! -> #REF! | G54: =#REF! -> #REF! | H54: =COUNTIF(E54:G54,"C") -> 0 | I54: =COUNTIF(E54:G54,"NC") -> 0 | J54: =COUNTIF(E54:G54,"NA") -> 0 | K54: =COUNTIF(E54:G54,"NT") -> 0 | L54: =IF(I54>0,"NC",IF(H54>0,"C",IF(K54>0,"NT","NA"))) -> NA | M54: 11 | N54: =#REF! -> #REF! | O54: =#REF! -> #REF! | P54: =#REF! -> #REF! | Q54: =#REF! -> #REF! | R54: =#REF! -> #REF! | S54: =COUNTIF(P54:R54,"D") -> 0
A55: 11 | B55: =#REF! -> #REF! | C55: =#REF! -> #REF! | D55: A | E55: =#REF! -> #REF! | F55: =#REF! -> #REF! | G55: =#REF! -> #REF! | H55: =COUNTIF(E55:G55,"C") -> 0 | I55: =COUNTIF(E55:G55,"NC") -> 0 | J55: =COUNTIF(E55:G55,"NA") -> 0 | K55: =COUNTIF(E55:G55,"NT") -> 0 | L55: =IF(I55>0,"NC",IF(H55>0,"C",IF(K55>0,"NT","NA"))) -> NA | M55: 11 | N55: =#REF! -> #REF! | O55: =#REF! -> #REF! | P55: =#REF! -> #REF! | Q55: =#REF! -> #REF! | R55: =#REF! -> #REF! | S55: =COUNTIF(P55:R55,"D") -> 0
A56: 11 | B56: =#REF! -> #REF! | C56: =#REF! -> #REF! | D56: A | E56: =#REF! -> #REF! | F56: =#REF! -> #REF! | G56: =#REF! -> #REF! | H56: =COUNTIF(E56:G56,"C") -> 0 | I56: =COUNTIF(E56:G56,"NC") -> 0 | J56: =COUNTIF(E56:G56,"NA") -> 0 | K56: =COUNTIF(E56:G56,"NT") -> 0 | L56: =IF(I56>0,"NC",IF(H56>0,"C",IF(K56>0,"NT","NA"))) -> NA | M56: 11 | N56: =#REF! -> #REF! | O56: =#REF! -> #REF! | P56: =#REF! -> #REF! | Q56: =#REF! -> #REF! | R56: =#REF! -> #REF! | S56: =COUNTIF(P56:R56,"D") -> 0
A57: 11 | B57: =#REF! -> #REF! | C57: =#REF! -> #REF! | D57: A | E57: =#REF! -> #REF! | F57: =#REF! -> #REF! | G57: =#REF! -> #REF! | H57: =COUNTIF(E57:G57,"C") -> 0 | I57: =COUNTIF(E57:G57,"NC") -> 0 | J57: =COUNTIF(E57:G57,"NA") -> 0 | K57: =COUNTIF(E57:G57,"NT") -> 0 | L57: =IF(I57>0,"NC",IF(H57>0,"C",IF(K57>0,"NT","NA"))) -> NA | M57: 11 | N57: =#REF! -> #REF! | O57: =#REF! -> #REF! | P57: =#REF! -> #REF! | Q57: =#REF! -> #REF! | R57: =#REF! -> #REF! | S57: =COUNTIF(P57:R57,"D") -> 0
H58: =SUM(H51:H57) -> 0 | I58: =SUM(I51:I57) -> 0 | J58: =SUM(J51:J57) -> 0 | K58: =SUM(K51:K57) -> 0 | S58: =SUM(S51:S57) -> 0
A59: 12 | B59: =#REF! -> #REF! | C59: =#REF! -> #REF! | D59: A | E59: =#REF! -> #REF! | F59: =#REF! -> #REF! | G59: =#REF! -> #REF! | H59: =COUNTIF(E59:G59,"C") -> 0 | I59: =COUNTIF(E59:G59,"NC") -> 0 | J59: =COUNTIF(E59:G59,"NA") -> 0 | K59: =COUNTIF(E59:G59,"NT") -> 0 | L59: =IF(I59>0,"NC",IF(H59>0,"C",IF(K59>0,"NT","NA"))) -> NA | M59: 12 | N59: =#REF! -> #REF! | O59: =#REF! -> #REF! | P59: =#REF! -> #REF! | Q59: =#REF! -> #REF! | R59: =#REF! -> #REF! | S59: =COUNTIF(P59:R59,"D") -> 0
A60: 12 | B60: =#REF! -> #REF! | C60: =#REF! -> #REF! | D60: A | E60: =#REF! -> #REF! | F60: =#REF! -> #REF! | G60: =#REF! -> #REF! | H60: =COUNTIF(E60:G60,"C") -> 0 | I60: =COUNTIF(E60:G60,"NC") -> 0 | J60: =COUNTIF(E60:G60,"NA") -> 0 | K60: =COUNTIF(E60:G60,"NT") -> 0 | L60: =IF(I60>0,"NC",IF(H60>0,"C",IF(K60>0,"NT","NA"))) -> NA | M60: 12 | N60: =#REF! -> #REF! | O60: =#REF! -> #REF! | P60: =#REF! -> #REF! | Q60: =#REF! -> #REF! | R60: =#REF! -> #REF! | S60: =COUNTIF(P60:R60,"D") -> 0
A61: 12 | B61: =#REF! -> #REF! | C61: =#REF! -> #REF! | D61: A | E61: =#REF! -> #REF! | F61: =#REF! -> #REF! | G61: =#REF! -> #REF! | H61: =COUNTIF(E61:G61,"C") -> 0 | I61: =COUNTIF(E61:G61,"NC") -> 0 | J61: =COUNTIF(E61:G61,"NA") -> 0 | K61: =COUNTIF(E61:G61,"NT") -> 0 | L61: =IF(I61>0,"NC",IF(H61>0,"C",IF(K61>0,"NT","NA"))) -> NA | M61: 12 | N61: =#REF! -> #REF! | O61: =#REF! -> #REF! | P61: =#REF! -> #REF! | Q61: =#REF! -> #REF! | R61: =#REF! -> #REF! | S61: =COUNTIF(P61:R61,"D") -> 0
A62: 12 | B62: =#REF! -> #REF! | C62: =#REF! -> #REF! | D62: A | E62: =#REF! -> #REF! | F62: =#REF! -> #REF! | G62: =#REF! -> #REF! | H62: =COUNTIF(E62:G62,"C") -> 0 | I62: =COUNTIF(E62:G62,"NC") -> 0 | J62: =COUNTIF(E62:G62,"NA") -> 0 | K62: =COUNTIF(E62:G62,"NT") -> 0 | L62: =IF(I62>0,"NC",IF(H62>0,"C",IF(K62>0,"NT","NA"))) -> NA | M62: 12 | N62: =#REF! -> #REF! | O62: =#REF! -> #REF! | P62: =#REF! -> #REF! | Q62: =#REF! -> #REF! | R62: =#REF! -> #REF! | S62: =COUNTIF(P62:R62,"D") -> 0
A63: 12 | B63: =#REF! -> #REF! | C63: =#REF! -> #REF! | D63: AA | E63: =#REF! -> #REF! | F63: =#REF! -> #REF! | G63: =#REF! -> #REF! | H63: =COUNTIF(E63:G63,"C") -> 0 | I63: =COUNTIF(E63:G63,"NC") -> 0 | J63: =COUNTIF(E63:G63,"NA") -> 0 | K63: =COUNTIF(E63:G63,"NT") -> 0 | L63: =IF(I63>0,"NC",IF(H63>0,"C",IF(K63>0,"NT","NA"))) -> NA | M63: 12 | N63: =#REF! -> #REF! | O63: =#REF! -> #REF! | P63: =#REF! -> #REF! | Q63: =#REF! -> #REF! | R63: =#REF! -> #REF! | S63: =COUNTIF(P63:R63,"D") -> 0
H64: =SUM(H59:H63) -> 0 | I64: =SUM(I59:I63) -> 0 | J64: =SUM(J59:J63) -> 0 | K64: =SUM(K59:K63) -> 0 | S64: =SUM(S59:S63) -> 0
A65: 13 | B65: =#REF! -> #REF! | C65: =#REF! -> #REF! | D65: A | E65: =#REF! -> #REF! | F65: =#REF! -> #REF! | G65: =#REF! -> #REF! | H65: =COUNTIF(E65:G65,"C") -> 0 | I65: =COUNTIF(E65:G65,"NC") -> 0 | J65: =COUNTIF(E65:G65,"NA") -> 0 | K65: =COUNTIF(E65:G65,"NT") -> 0 | L65: =IF(I65>0,"NC",IF(H65>0,"C",IF(K65>0,"NT","NA"))) -> NA | M65: 13 | N65: =#REF! -> #REF! | O65: =#REF! -> #REF! | P65: =#REF! -> #REF! | Q65: =#REF! -> #REF! | R65: =#REF! -> #REF! | S65: =COUNTIF(P65:R65,"D") -> 0
A66: 13 | B66: =#REF! -> #REF! | C66: =#REF! -> #REF! | D66: A | E66: =#REF! -> #REF! | F66: =#REF! -> #REF! | G66: =#REF! -> #REF! | H66: =COUNTIF(E66:G66,"C") -> 0 | I66: =COUNTIF(E66:G66,"NC") -> 0 | J66: =COUNTIF(E66:G66,"NA") -> 0 | K66: =COUNTIF(E66:G66,"NT") -> 0 | L66: =IF(I66>0,"NC",IF(H66>0,"C",IF(K66>0,"NT","NA"))) -> NA | M66: 13 | N66: =#REF! -> #REF! | O66: =#REF! -> #REF! | P66: =#REF! -> #REF! | Q66: =#REF! -> #REF! | R66: =#REF! -> #REF! | S66: =COUNTIF(P66:R66,"D") -> 0
A67: 13 | B67: =#REF! -> #REF! | C67: =#REF! -> #REF! | D67: A | E67: =#REF! -> #REF! | F67: =#REF! -> #REF! | G67: =#REF! -> #REF! | H67: =COUNTIF(E67:G67,"C") -> 0 | I67: =COUNTIF(E67:G67,"NC") -> 0 | J67: =COUNTIF(E67:G67,"NA") -> 0 | K67: =COUNTIF(E67:G67,"NT") -> 0 | L67: =IF(I67>0,"NC",IF(H67>0,"C",IF(K67>0,"NT","NA"))) -> NA | M67: 13 | N67: =#REF! -> #REF! | O67: =#REF! -> #REF! | P67: =#REF! -> #REF! | Q67: =#REF! -> #REF! | R67: =#REF! -> #REF! | S67: =COUNTIF(P67:R67,"D") -> 0
H68: =SUM(H65:H67) -> 0 | I68: =SUM(I65:I67) -> 0 | J68: =SUM(J65:J67) -> 0 | K68: =SUM(K65:K67) -> 0 | S68: =SUM(S65:S67) -> 0
C69: TOTAL C | E69: =SUM(COUNTIF(E3:E9,"C"),COUNTIF(E11:E11,"C"),COUNTIF(E13:E14,"C"),COUNTIF(E16:E23,"C"),COUNTIF(E25:E26,"C"),COUNTIF(E28:E29,"C"),COUNTIF(E31:E31,"C"),COUNTIF(E33:E40,"C"),COUNTIF(E42:E43,"C"),COUNTIF(E45:E49,"C"),COUNTIF(E51:E57,"C"),COUNTIF(E59:E63,"C"),COUNTIF(E65:E67,"C")) -> 0 | F69: =SUM(COUNTIF(F3:F9,"C"),COUNTIF(F11:F11,"C"),COUNTIF(F13:F14,"C"),COUNTIF(F16:F23,"C"),COUNTIF(F25:F26,"C"),COUNTIF(F28:F29,"C"),COUNTIF(F31:F31,"C"),COUNTIF(F33:F40,"C"),COUNTIF(F42:F43,"C"),COUNTIF(F45:F49,"C"),COUNTIF(F51:F57,"C"),COUNTIF(F59:F63,"C"),COUNTIF(F65:F67,"C")) -> 0 | G69: =SUM(COUNTIF(G3:G9,"C"),COUNTIF(G11:G11,"C"),COUNTIF(G13:G14,"C"),COUNTIF(G16:G23,"C"),COUNTIF(G25:G26,"C"),COUNTIF(G28:G29,"C"),COUNTIF(G31:G31,"C"),COUNTIF(G33:G40,"C"),COUNTIF(G42:G43,"C"),COUNTIF(G45:G49,"C"),COUNTIF(G51:G57,"C"),COUNTIF(G59:G63,"C"),COUNTIF(G65:G67,"C")) -> 0
C70: TOTAL NC | E70: =SUM(COUNTIF(E3:E9,"NC"),COUNTIF(E11:E11,"NC"),COUNTIF(E13:E14,"NC"),COUNTIF(E16:E23,"NC"),COUNTIF(E25:E26,"NC"),COUNTIF(E28:E29,"NC"),COUNTIF(E31:E31,"NC"),COUNTIF(E33:E40,"NC"),COUNTIF(E42:E43,"NC"),COUNTIF(E45:E49,"NC"),COUNTIF(E51:E57,"NC"),COUNTIF(E59:E63,"NC"),COUNTIF(E65:E67,"NC")) -> 0 | F70: =SUM(COUNTIF(F3:F9,"NC"),COUNTIF(F11:F11,"NC"),COUNTIF(F13:F14,"NC"),COUNTIF(F16:F23,"NC"),COUNTIF(F25:F26,"NC"),COUNTIF(F28:F29,"NC"),COUNTIF(F31:F31,"NC"),COUNTIF(F33:F40,"NC"),COUNTIF(F42:F43,"NC"),COUNTIF(F45:F49,"NC"),COUNTIF(F51:F57,"NC"),COUNTIF(F59:F63,"NC"),COUNTIF(F65:F67,"NC")) -> 0 | G70: =SUM(COUNTIF(G3:G9,"NC"),COUNTIF(G11:G11,"NC"),COUNTIF(G13:G14,"NC"),COUNTIF(G16:G23,"NC"),COUNTIF(G25:G26,"NC"),COUNTIF(G28:G29,"NC"),COUNTIF(G31:G31,"NC"),COUNTIF(G33:G40,"NC"),COUNTIF(G42:G43,"NC"),COUNTIF(G45:G49,"NC"),COUNTIF(G51:G57,"NC"),COUNTIF(G59:G63,"NC"),COUNTIF(G65:G67,"NC")) -> 0
C71: TOTAL NA | E71: =SUM(COUNTIF(E3:E9,"NA"),COUNTIF(E11:E11,"NA"),COUNTIF(E13:E14,"NA"),COUNTIF(E16:E23,"NA"),COUNTIF(E25:E26,"NA"),COUNTIF(E28:E29,"NA"),COUNTIF(E31:E31,"NA"),COUNTIF(E33:E40,"NA"),COUNTIF(E42:E43,"NA"),COUNTIF(E45:E49,"NA"),COUNTIF(E51:E57,"NA"),COUNTIF(E59:E63,"NA"),COUNTIF(E65:E67,"NA")) -> 0 | F71: =SUM(COUNTIF(F3:F9,"NA"),COUNTIF(F11:F11,"NA"),COUNTIF(F13:F14,"NA"),COUNTIF(F16:F23,"NA"),COUNTIF(F25:F26,"NA"),COUNTIF(F28:F29,"NA"),COUNTIF(F31:F31,"NA"),COUNTIF(F33:F40,"NA"),COUNTIF(F42:F43,"NA"),COUNTIF(F45:F49,"NA"),COUNTIF(F51:F57,"NA"),COUNTIF(F59:F63,"NA"),COUNTIF(F65:F67,"NA")) -> 0 | G71: =SUM(COUNTIF(G3:G9,"NA"),COUNTIF(G11:G11,"NA"),COUNTIF(G13:G14,"NA"),COUNTIF(G16:G23,"NA"),COUNTIF(G25:G26,"NA"),COUNTIF(G28:G29,"NA"),COUNTIF(G31:G31,"NA"),COUNTIF(G33:G40,"NA"),COUNTIF(G42:G43,"NA"),COUNTIF(G45:G49,"NA"),COUNTIF(G51:G57,"NA"),COUNTIF(G59:G63,"NA"),COUNTIF(G65:G67,"NA")) -> 0
C72: TAUX MOYEN | E72: =IF(AND(E69=0,E70=0),"NA",E69/(E69+E70)) -> NA | F72: =IF(AND(F69=0,F70=0),"NA",F69/(F69+F70)) -> NA | G72: =IF(AND(G69=0,G70=0),"NA",G69/(G69+G70)) -> NA | H72: =IF(AND(#REF!<>0,#REF!<>0),"ok","ko") -> #REF!
E74: =E72*100 -> #VALUE! | F74: =F72*100 -> #VALUE! | G74: =G72*100 -> #VALUE!
E75: =IF(AND(E74>=Échelle!$A$2, E74<Échelle!$B$2), Échelle!$C$2, IF(AND(E74>=Échelle!$A$3, E74<Échelle!$B$3), Échelle!$C$3, IF(AND(E74>=Échelle!$A$4, E74<Échelle!$B$4), Échelle!$C$4, IF(AND(E74>=Échelle!$A$5, E74<Échelle!$B$5), Échelle!$C$5, IF(AND(E74>=Échelle!$A$6, E74<=Échelle!$B$6), Échelle!$C$6, "" ) ) ) ) ) -> #VALUE! | F75: =IF(AND(F74>=Échelle!$A$2, F74<Échelle!$B$2), Échelle!$C$2, IF(AND(F74>=Échelle!$A$3, F74<Échelle!$B$3), Échelle!$C$3, IF(AND(F74>=Échelle!$A$4, F74<Échelle!$B$4), Échelle!$C$4, IF(AND(F74>=Échelle!$A$5, F74<Échelle!$B$5), Échelle!$C$5, IF(AND(F74>=Échelle!$A$6, F74<=Échelle!$B$6), Échelle!$C$6, "" ) ) ) ) ) -> #VALUE! | G75: =IF(AND(G74>=Échelle!$A$2, G74<Échelle!$B$2), Échelle!$C$2, IF(AND(G74>=Échelle!$A$3, G74<Échelle!$B$3), Échelle!$C$3, IF(AND(G74>=Échelle!$A$4, G74<Échelle!$B$4), Échelle!$C$4, IF(AND(G74>=Échelle!$A$5, G74<Échelle!$B$5), Échelle!$C$5, IF(AND(G74>=Échelle!$A$6, G74<=Échelle!$B$6), Échelle!$C$6, "" ) ) ) ) ) -> #VALUE!

Sheet Synthèse
A1: =#REF! -> #REF!
A2: Synthèse par thématiques et par statuts
B3: Statut | C3: IMAGES | D3: CADRES | E3: COULEURS | F3: MULTIMÉDIA | G3: TABLEAUX | H3: LIENS | I3: SCRIPTS | J3: ÉLÉMENTS OBLIGATOIRES | K3: STRUCTURATION | L3: PRÉSENTATION | M3: FORMULAIRES | N3: NAVIGATION | O3: CONSULTATION
B6: C | C6: =BaseDeCalcul!$H10 -> 0 | D6: =BaseDeCalcul!H12 -> 0 | E6: =BaseDeCalcul!H15 -> 0 | F6: =BaseDeCalcul!H24 -> 0 | G6: =BaseDeCalcul!H27 -> 0 | H6: =BaseDeCalcul!H30 -> 0 | I6: =BaseDeCalcul!H32 -> 0 | J6: =BaseDeCalcul!H41 -> 0 | K6: =BaseDeCalcul!H44 -> 0 | L6: =BaseDeCalcul!H50 -> 0 | M6: =BaseDeCalcul!H58 -> 0 | N6: =BaseDeCalcul!H64 -> 0 | O6: =BaseDeCalcul!H68 -> 0 | Q6: =SUM(C6:O6) -> 0 | R6: C
B7: NC | C7: =BaseDeCalcul!I10 -> 0 | D7: =BaseDeCalcul!I12 -> 0 | E7: =BaseDeCalcul!I15 -> 0 | F7: =BaseDeCalcul!I24 -> 0 | G7: =BaseDeCalcul!I27 -> 0 | H7: =BaseDeCalcul!I30 -> 0 | I7: =BaseDeCalcul!I32 -> 0 | J7: =BaseDeCalcul!I41 -> 0 | K7: =BaseDeCalcul!I44 -> 0 | L7: =BaseDeCalcul!I50 -> 0 | M7: =BaseDeCalcul!I58 -> 0 | N7: =BaseDeCalcul!I64 -> 0 | O7: =BaseDeCalcul!I68 -> 0 | Q7: =SUM(C7:O7) -> 0 | R7: NC
B8: NA | C8: =BaseDeCalcul!J10 -> 0 | D8: =BaseDeCalcul!J12 -> 0 | E8: =BaseDeCalcul!J15 -> 0 | F8: =BaseDeCalcul!J24 -> 0 | G8: =BaseDeCalcul!J27 -> 0 | H8: =BaseDeCalcul!J30 -> 0 | I8: =BaseDeCalcul!J32 -> 0 | J8: =BaseDeCalcul!J41 -> 0 | K8: =BaseDeCalcul!J44 -> 0 | L8: =BaseDeCalcul!J50 -> 0 | M8: =BaseDeCalcul!J58 -> 0 | N8: =BaseDeCalcul!J64 -> 0 | O8: =BaseDeCalcul!J68 -> 0 | Q8: =SUM(C8:O8) -> 0 | R8: NA
B9: D | C9: =BaseDeCalcul!S10 -> 0 | D9: =BaseDeCalcul!S12 -> 0 | E9: =BaseDeCalcul!S15 -> 0 | F9: =BaseDeCalcul!S24 -> 0 | G9: =BaseDeCalcul!S27 -> 0 | H9: =BaseDeCalcul!S30 -> 0 | I9: =BaseDeCalcul!S32 -> 0 | J9: =BaseDeCalcul!S41 -> 0 | K9: =BaseDeCalcul!S44 -> 0 | L9: =BaseDeCalcul!S50 -> 0 | M9: =BaseDeCalcul!S58 -> 0 | N9: =BaseDeCalcul!S64 -> 0 | O9: =BaseDeCalcul!S68 -> 0 | Q9: =SUM(C9:O9) -> 0 | R9: D
B10: NT | C10: =BaseDeCalcul!K10 -> 0 | D10: =BaseDeCalcul!K12 -> 0 | E10: =BaseDeCalcul!K15 -> 0 | F10: =BaseDeCalcul!K24 -> 0 | G10: =BaseDeCalcul!K27 -> 0 | H10: =BaseDeCalcul!K30 -> 0 | I10: =BaseDeCalcul!K32 -> 0 | J10: =BaseDeCalcul!K41 -> 0 | K10: =BaseDeCalcul!K44 -> 0 | L10: =BaseDeCalcul!K50 -> 0 | M10: =BaseDeCalcul!K58 -> 0 | N10: =BaseDeCalcul!K64 -> 0 | O10: =BaseDeCalcul!K68 -> 0 | Q10: =SUM(C10:O10) -> 0 | R10: NT
B14: Pourcentage de critères respectés (somme des critères conformes divisée par le nombre de critères applicables) :
B15: =IF(Q10=0,ROUND(COUNTIF(BaseDeCalcul!L3:L67,"C")/(COUNTIF(BaseDeCalcul!L3:L67,"C")+COUNTIF(BaseDeCalcul!L3:L67,"NC"))*100, 2)&"%","Pourcentage indisponible : il reste "&Q10&" critère(s) NT.") -> #DIV/0!
B17: Taux moyen de conformité du service en ligne (moyenne des taux de conformité de chaque page) :
B18: =IF(Q10=0,ROUND(AVERAGEIF(BaseDeCalcul!E72:G72,"<>NA")*100,1)&"%","Pourcentage indisponible : il reste "&Q10&" critère(s) NT.") -> #DIV/0!
B20: =B15*100 -> #DIV/0!
B21: =IF(AND(Synthèse!B20>=Échelle!A2, Synthèse!B20<Échelle!B2), Échelle!C2, IF(AND(Synthèse!B20>=Échelle!A3, Synthèse!B20<Échelle!B3), Échelle!C3, IF(AND(Synthèse!B20>=Échelle!A4, Synthèse!B20<Échelle!B4), Échelle!C4, IF(AND(Synthèse!B20>=Échelle!A5, Synthèse!B20<Échelle!B5), Échelle!C5, IF(AND(Synthèse!B20>=Échelle!A6, Synthèse!B20<=Échelle!B6), Échelle!C6, "" ) ) ) ) ) -> #DIV/0!
C36: 1
C43: 1
C57: 1
C58: 1
C67: 1
C68: 1
C69: 1
C70: 1
C71: 1
C87: 1
C88: 1
C89: 1
... C119: 1

Sheet Échelle
A1: start % | B1: end % | C1: Label
A2: 0 | B2: 20 | C2: très faible
A3: 20 | B3: 40 | C3: faible
A4: 40 | B4: 60 | C4: moyen
A5: 60 | B5: 80 | C5: bon
A6: 80 | B6: 100 | C6: très bon

Sheet Échantillon
A1: AUDIT SIMPLIFIÉ – GRILLE D'ÉVALUATION
A2: Échantillon évalué
A3: Date :
A4: Site :
A6: N° page | B6: Titre de la page | C6: URL
A7: P01
A8: P02
A9: P03

Sheet P01
A1: Critère-INC | B1: Critère | C1: Recommandation | D1: Auto-NA | E1: Statut | F1: Dérogation | G1: Problèmes détectés | H1: Check-Problèmes-Détectés | I1: ="P01 " & COUNTA(E2:E54) &"/"&COUNTA(C2:C54) -> P01 0/53 | J1: P02 | K1: P03
A2: 1 | B2: 1.1 | C2: Chaque image porteuse d’information a-t-elle une alternative textuelle ? | H2: =IF(AND(E2="NC",G2=""),"Il manque un message d'erreur", IF(AND(E2<>"NC",G2<>""),"Il faut seulement écrire un message d'erreur pour NC","")) | I2: =E2 -> 0 | J2: ='P02'!E2 -> 0 | K2: ='P03'!K2 -> 0
A3: 2 | B3: 1.2 | C3: Chaque image de décoration est-elle correctement ignorée par les technologies d’assistance ? | H3: =IF(AND(E3="NC",G3=""),"Il manque un message d'erreur", IF(AND(E3<>"NC",G3<>""),"Il faut seulement écrire un message d'erreur pour NC","")) | I3: =E3 -> 0 | J3: ='P02'!E3 -> 0 | K3: ='P03'!K3 -> 0
A4: 3 | B4: 1.3 | C4: Pour chaque image porteuse d'information ayant une alternative textuelle, cette alternative est-elle pertinente (hors cas particuliers) ? | D4: =IF(OR(E2="NA",E2="NC"),"NA",T3) -> 0 | H4: =IF(AND(E4="NC",G4=""),"Il manque un message d'erreur", IF(AND(E4<>"NC",G4<>""),"Il faut seulement écrire un message d'erreur pour NC","")) | I4: =E4 -> 0 | J4: ='P02'!E4 -> 0 | K4: ='P03'!K4 -> 0
A5: 4 | B5: 1.4 | C5: Pour chaque image utilisée comme CAPTCHA ou comme image-test, ayant une alternative textuelle, cette alternative permet-elle d’identifier la nature et la fonction de l’image ? | H5: =IF(AND(E5="NC",G5=""),"Il manque un message d'erreur", IF(AND(E5<>"NC",G5<>""),"Il faut seulement écrire un message d'erreur pour NC","")) | I5: =E5 -> 0 | J5: ='P02'!E5 -> 0 | K5: ='P03'!K5 -> 0
A6: 5 | B6: 1.5 | C6: Pour chaque image utilisée comme CAPTCHA, une solution d’accès alternatif au contenu ou à la fonction du CAPTCHA est-elle présente ? | H6: =IF(AND(E6="NC",G6=""),"Il manque un message d'erreur", IF(AND(E6<>"NC",G6<>""),"Il faut seulement écrire un message d'erreur pour NC","")) | I6: =E6 -> 0 | J6: ='P02'!E6 -> 0 | K6: ='P03'!K6 -> 0
A7: 6 | B7: 1.6 | C7: Chaque image porteuse d’information a-t-elle, si nécessaire, une description détaillée ? | D7: =IF(OR(E2="NA",E2="NC"),"NA",T6) -> 0 | H7: =IF(AND(E7="NC",G7=""),"Il manque un message d'erreur", IF(AND(E7<>"NC",G7<>""),"Il faut seulement écrire un message d'erreur pour NC","")) | I7: =E7 -> 0 | J7: ='P02'!E7 -> 0 | K7: ='P03'!K7 -> 0
A8: 7 | B8: 1.7 | C8: Pour chaque image porteuse d’information ayant une description détaillée, cette description est-elle pertinente ? | D8: =IF(OR(E2="NA",E2="NC"),"NA",T7) -> 0 | H8: =IF(AND(E8="NC",G8=""),"Il manque un message d'erreur", IF(AND(E8<>"NC",G8<>""),"Il faut seulement écrire un message d'erreur pour NC","")) | I8: =E8 -> 0 | J8: ='P02'!E8 -> 0 | K8: ='P03'!K8 -> 0
A9: 8 | B9: 2.1 | C9: Chaque cadre a-t-il un titre de cadre ? | H9: =IF(AND(E9="NC",G9=""),"Il manque un message d'erreur", IF(AND(E9<>"NC",G9<>""),"Il faut seulement écrire un message d'erreur pour NC","")) | I9: =E9 -> 0 | J9: ='P02'!E9 -> 0 | K9: ='P03'!K9 -> 0
A10: 9 | B10: 3.1 | C10: Dans chaque page web, l’information ne doit pas être donnée uniquement par la couleur. Cette règle est-elle respectée ? | H10: =IF(AND(E10="NC",G10=""),"Il manque un message d'erreur", IF(AND(E10<>"NC",G10<>""),"Il faut seulement écrire un message d'erreur pour NC","")) | I10: =E10 -> 0 | J10: ='P02'!E10 -> 0 | K10: ='P03'!K10 -> 0
A11: 10 | B11: 3.2 | C11: Dans chaque page web, le contraste entre la couleur du texte et la couleur de son arrière-plan est-il suffisamment élevé (hors cas particuliers) ? | H11: =IF(AND(E11="NC",G11=""),"Il manque un message d'erreur", IF(AND(E11<>"NC",G11<>""),"Il faut seulement écrire un message d'erreur pour NC","")) | I11: =E11 -> 0 | J11: ='P02'!E11 -> 0 | K11: ='P03'!K11 -> 0
A12: 11 | B12: 4.1 | C12: Chaque média temporel pré-enregistré a-t-il, si nécessaire, une transcription textuelle ou une audiodescription (hors cas particuliers) ? | H12: =IF(AND(E12="NC",G12=""),"Il manque un message d'erreur", IF(AND(E12<>"NC",G12<>""),"Il faut seulement écrire un message d'erreur pour NC","")) | I12: =E12 -> 0 | J12: ='P02'!E12 -> 0 | K12: ='P03'!K12 -> 0
A13: 12 | B13: 4.2 | C13: Pour chaque média temporel pré-enregistré ayant une transcription textuelle ou une audiodescription synchronisée, celles-ci sont-elles pertinentes (hors cas particuliers) ? | D13: =IF(OR(E12="NA",E12="NC"),"NA",T13) -> 0 | H13: =IF(AND(E13="NC",G13=""),"Il manque un message d'erreur", IF(AND(E13<>"NC",G13<>""),"Il faut seulement écrire un message d'erreur pour NC","")) | I13: =E13 -> 0 | J13: ='P02'!E13 -> 0 | K13: ='P03'!K13 -> 0
A14: 13 | B14: 4.3 | C14: Chaque média temporel synchronisé pré-enregistré a-t-il, si nécessaire, des sous-titres synchronisés (hors cas particuliers) ? | D14: =IF(OR(E12="NA",E12="NC"),"NA",T14) -> 0 | H14: =IF(AND(E14="NC",G14=""),"Il manque un message d'erreur", IF(AND(E14<>"NC",G14<>""),"Il faut seulement écrire un message d'erreur pour NC","")) | I14: =E14 -> 0 | J14: ='P02'!E14 -> 0 | K14: ='P03'!K14 -> 0
A15: 14 | B15: 4.4 | C15: Pour chaque média temporel synchronisé pré-enregistré ayant des sous-titres synchronisés, ces sous-titres sont-ils pertinents ? | D15: =IF(OR(E12="NA",E12="NC"),"NA",T15) -> 0 | H15: =IF(AND(E15="NC",G15=""),"Il manque un message d'erreur", IF(AND(E15<>"NC",G15<>""),"Il faut seulement écrire un message d'erreur pour NC","")) | I15: =E15 -> 0 | J15: ='P02'!E15 -> 0 | K15: ='P03'!K15 -> 0
A16: 15 | B16: 4.8 | C16: Chaque média non temporel a-t-il, si nécessaire, une alternative (hors cas particuliers) ? | H16: =IF(AND(E16="NC",G16=""),"Il manque un message d'erreur", IF(AND(E16<>"NC",G16<>""),"Il faut seulement écrire un message d'erreur pour NC","")) | I16: =E16 -> 0 | J16: ='P02'!E16 -> 0 | K16: ='P03'!K16 -> 0
A17: 16 | B17: 4.9 | C17: Pour chaque média non temporel ayant une alternative, cette alternative est-elle pertinente ? | D17: =IF(OR(E16="NA",E16="NC"),"NA",T21) -> 0 | H17: =IF(AND(E17="NC",G17=""),"Il manque un message d'erreur", IF(AND(E17<>"NC",G17<>""),"Il faut seulement écrire un message d'erreur pour NC","")) | I17: =E17 -> 0 | J17: ='P02'!E17 -> 0 | K17: ='P03'!K17 -> 0
A18: 17 | B18: 4.10 | C18: Chaque son déclenché automatiquement est-il contrôlable par l’utilisateur ? | H18: =IF(AND(E18="NC",G18=""),"Il manque un message d'erreur", IF(AND(E18<>"NC",G18<>""),"Il faut seulement écrire un message d'erreur pour NC","")) | I18: =E18 -> 0 | J18: ='P02'!E18 -> 0 | K18: ='P03'!K18 -> 0
A19: 18 | B19: 4.11 | C19: La consultation de chaque média temporel est-elle, si nécessaire, contrôlable par le clavier et tout dispositif de pointage ? | D19: =IF(OR(E12="NA",E12="NC"),"NA",T16) -> 0 | H19: =IF(AND(E19="NC",G19=""),"Il manque un message d'erreur", IF(AND(E19<>"NC",G19<>""),"Il faut seulement écrire un message d'erreur pour NC","")) | I19: =E19 -> 0 | J19: ='P02'!E19 -> 0 | K19: ='P03'!K19 -> 0
A20: 19 | B20: 5.6 | C20: Pour chaque tableau de données, chaque en-tête de colonnes et chaque en-tête de lignes sont-ils correctement déclarés ? | H20: =IF(AND(E20="NC",G20=""),"Il manque un message d'erreur", IF(AND(E20<>"NC",G20<>""),"Il faut seulement écrire un message d'erreur pour NC","")) | I20: =E20 -> 0 | J20: ='P02'!E20 -> 0 | K20: ='P03'!K20 -> 0
A21: 20 | B21: 5.7 | C21: Pour chaque tableau de données, la technique appropriée permettant d’associer chaque cellule avec ses en-têtes est-elle utilisée (hors cas particuliers) ? | D21: =IF(OR(E20="NA",E20="NC"),"NA",T26) -> 0 | H21: =IF(AND(E21="NC",G21=""),"Il manque un message d'erreur", IF(AND(E21<>"NC",G21<>""),"Il faut seulement écrire un message d'erreur pour NC","")) | I21: =E21 -> 0 | J21: ='P02'!E21 -> 0 | K21: ='P03'!K21 -> 0
A22: 21 | B22: 6.1 | C22: Chaque lien est-il explicite (hors cas particuliers) ? | H22: =IF(AND(E22="NC",G22=""),"Il manque un message d'erreur", IF(AND(E22<>"NC",G22<>""),"Il faut seulement écrire un message d'erreur pour NC","")) | I22: =E22 -> 0 | J22: ='P02'!E22 -> 0 | K22: ='P03'!K22 -> 0
A23: 22 | B23: 6.2 | C23: Dans chaque page web, chaque lien a-t-il un intitulé ? | H23: =IF(AND(E23="NC",G23=""),"Il manque un message d'erreur", IF(AND(E23<>"NC",G23<>""),"Il faut seulement écrire un message d'erreur pour NC","")) | I23: =E23 -> 0 | J23: ='P02'!E23 -> 0 | K23: ='P03'!K23 -> 0
A24: 23 | B24: 7.3 | C24: Chaque script est-il contrôlable par le clavier et par tout dispositif de pointage (hors cas particuliers) ? | H24: =IF(AND(E24="NC",G24=""),"Il manque un message d'erreur", IF(AND(E24<>"NC",G24<>""),"Il faut seulement écrire un message d'erreur pour NC","")) | I24: =E24 -> 0 | J24: ='P02'!E24 -> 0 | K24: ='P03'!K24 -> 0
A25: 24 | B25: 8.1 | C25: Chaque page web est-elle définie par un type de document ? | I25: =E25 -> 0 | J25: ='P02'!E25 -> 0 | K25: ='P03'!K25 -> 0
A26: 25 | B26: 8.2 | C26: Pour chaque page web, le code source généré est-il valide selon le type de document spécifié (hors cas particuliers) ? | H26: =IF(AND(E26="NC",G26=""),"Il manque un message d'erreur", IF(AND(E26<>"NC",G26<>""),"Il faut seulement écrire un message d'erreur pour NC","")) | I26: =E26 -> 0 | J26: ='P02'!E26 -> 0 | K26: ='P03'!K26 -> 0
A27: 26 | B27: 8.3 | C27: Dans chaque page web, la langue par défaut est-elle présente ? | H27: =IF(AND(E27="NC",G27=""),"Il manque un message d'erreur", IF(AND(E27<>"NC",G27<>""),"Il faut seulement écrire un message d'erreur pour NC","")) | I27: =E27 -> 0 | J27: ='P02'!E27 -> 0 | K27: ='P03'!K27 -> 0
A28: 27 | B28: 8.4 | C28: Pour chaque page web ayant une langue par défaut, le code de langue est-il pertinent ? | D28: =IF(E27="NA","NA",U35) -> 0 | H28: =IF(AND(E28="NC",G28=""),"Il manque un message d'erreur", IF(AND(E28<>"NC",G28<>""),"Il faut seulement écrire un message d'erreur pour NC","")) | I28: =E28 -> 0 | J28: ='P02'!E28 -> 0 | K28: ='P03'!K28 -> 0
A29: 28 | B29: 8.5 | C29: Chaque page web a-t-elle un titre de page ? | H29: =IF(AND(E29="NC",G29=""),"Il manque un message d'erreur", IF(AND(E29<>"NC",G29<>""),"Il faut seulement écrire un message d'erreur pour NC","")) | I29: =E29 -> 0 | J29: ='P02'!E29 -> 0 | K29: ='P03'!K29 -> 0
A30: 29 | B30: 8.6 | C30: Pour chaque page web ayant un titre de page, ce titre est-il pertinent ? | H30: =IF(AND(E30="NC",G30=""),"Il manque un message d'erreur", IF(AND(E30<>"NC",G30<>""),"Il faut seulement écrire un message d'erreur pour NC","")) | I30: =E30 -> 0 | J30: ='P02'!E30 -> 0 | K30: ='P03'!K30 -> 0
A31: 30 | B31: 8.7 | C31: Dans chaque page web, chaque changement de langue est-il indiqué dans le code source (hors cas particuliers) ? | H31: =IF(AND(E31="NC",G31=""),"Il manque un message d'erreur", IF(AND(E31<>"NC",G31<>""),"Il faut seulement écrire un message d'erreur pour NC","")) | I31: =E31 -> 0 | J31: ='P02'!E31 -> 0 | K31: ='P03'!K31 -> 0
A32: 31 | B32: 8.8 | C32: Dans chaque page web, le code de langue de chaque changement de langue est-il valide et pertinent ? | D32: =IF(OR(E31="NA",E31="NC"),"NA",T40) -> 0 | H32: =IF(AND(E32="NC",G32=""),"Il manque un message d'erreur", IF(AND(E32<>"NC",G32<>""),"Il faut seulement écrire un message d'erreur pour NC","")) | I32: =E32 -> 0 | J32: ='P02'!E32 -> 0 | K32: ='P03'!K32 -> 0
A33: 32 | B33: 9.1 | C33: Dans chaque page web, l’information est-elle structurée par l’utilisation appropriée de titres ? | H33: =IF(AND(E33="NC",G33=""),"Il manque un message d'erreur", IF(AND(E33<>"NC",G33<>""),"Il faut seulement écrire un message d'erreur pour NC","")) | I33: =E33 -> 0 | J33: ='P02'!E33 -> 0 | K33: ='P03'!K33 -> 0
A34: 33 | B34: 9.2 | C34: Dans chaque page web, la structure du document est-elle cohérente (hors cas particuliers) ? | H34: =IF(AND(E34="NC",G34=""),"Il manque un message d'erreur", IF(AND(E34<>"NC",G34<>""),"Il faut seulement écrire un message d'erreur pour NC","")) | I34: =E34 -> 0 | J34: ='P02'!E34 -> 0 | K34: ='P03'!K34 -> 0
A35: 34 | B35: 10.7 | C35: Dans chaque page web, pour chaque élément recevant le focus, la prise de focus est-elle visible ? | H35: =IF(AND(E35="NC",G35=""),"Il manque un message d'erreur", IF(AND(E35<>"NC",G35<>""),"Il faut seulement écrire un message d'erreur pour NC","")) | I35: =E35 -> 0 | J35: ='P02'!E35 -> 0 | K35: ='P03'!K35 -> 0
A36: 35 | B36: 10.8 | C36: Pour chaque page web, les contenus cachés ont-ils vocation à être ignorés par les technologies d’assistance ? | H36: =IF(AND(E36="NC",G36=""),"Il manque un message d'erreur", IF(AND(E36<>"NC",G36<>""),"Il faut seulement écrire un message d'erreur pour NC","")) | I36: =E36 -> 0 | J36: ='P02'!E36 -> 0 | K36: ='P03'!K36 -> 0
A37: 36 | B37: 10.9 | C37: Dans chaque page web, l’information ne doit pas être donnée uniquement par la forme, taille ou position. Cette règle est-elle respectée ? | H37: =IF(AND(E37="NC",G37=""),"Il manque un message d'erreur", IF(AND(E37<>"NC",G37<>""),"Il faut seulement écrire un message d'erreur pour NC","")) | I37: =E37 -> 0 | J37: ='P02'!E37 -> 0 | K37: ='P03'!K37 -> 0
A38: 37 | B38: 10.10 | C38: Dans chaque page web, l’information ne doit pas être donnée par la forme, taille ou position uniquement. Cette règle est-elle implémentée de façon pertinente ? | H38: =IF(AND(E38="NC",G38=""),"Il manque un message d'erreur", IF(AND(E38<>"NC",G38<>""),"Il faut seulement écrire un message d'erreur pour NC","")) | I38: =E38 -> 0 | J38: ='P02'!E38 -> 0 | K38: ='P03'!K38 -> 0
A39: 38 | B39: 10.14 | C39: Dans chaque page web, les contenus additionnels apparaissant via les styles CSS uniquement peuvent-ils être rendus visibles au clavier et par tout dispositif de pointage ? | H39: =IF(AND(E39="NC",G39=""),"Il manque un message d'erreur", IF(AND(E39<>"NC",G39<>""),"Il faut seulement écrire un message d'erreur pour NC","")) | I39: =E39 -> 0 | J39: ='P02'!E39 -> 0 | K39: ='P03'!K39 -> 0
A40: 39 | B40: 11.1 | C40: Chaque champ de formulaire a-t-il une étiquette ? | H40: =IF(AND(E40="NC",G40=""),"Il manque un message d'erreur", IF(AND(E40<>"NC",G40<>""),"Il faut seulement écrire un message d'erreur pour NC","")) | I40: =E40 -> 0 | J40: ='P02'!E40 -> 0 | K40: ='P03'!K40 -> 0
A41: 40 | B41: 11.2 | C41: Chaque étiquette associée à un champ de formulaire est-elle pertinente (hors cas particuliers) ? | H41: =IF(AND(E41="NC",G41=""),"Il manque un message d'erreur", IF(AND(E41<>"NC",G41<>""),"Il faut seulement écrire un message d'erreur pour NC","")) | I41: =E41 -> 0 | J41: ='P02'!E41 -> 0 | K41: ='P03'!K41 -> 0
A42: 41 | B42: 11.5 | C42: Dans chaque formulaire, les champs de même nature sont-ils regroupés, si nécessaire ? | H42: =IF(AND(E42="NC",G42=""),"Il manque un message d'erreur", IF(AND(E42<>"NC",G42<>""),"Il faut seulement écrire un message d'erreur pour NC","")) | I42: =E42 -> 0 | J42: ='P02'!E42 -> 0 | K42: ='P03'!K42 -> 0
A43: 42 | B43: 11.6 | C43: Dans chaque formulaire, chaque regroupement de champs de même nature a-t-il une légende ? | D43: =IF(OR(E42="NA",E42="NC"),"NA",T50) -> 0 | H43: =IF(AND(E43="NC",G43=""),"Il manque un message d'erreur", IF(AND(E43<>"NC",G43<>""),"Il faut seulement écrire un message d'erreur pour NC","")) | I43: =E43 -> 0 | J43: ='P02'!E43 -> 0 | K43: ='P03'!K43 -> 0
A44: 43 | B44: 11.7 | C44: Dans chaque formulaire, chaque légende associée à un regroupement de champs de même nature est-elle pertinente ? | D44: =IF(OR(E42="NA",E42="NC"),"NA",T51) -> 0 | H44: =IF(AND(E44="NC",G44=""),"Il manque un message d'erreur", IF(AND(E44<>"NC",G44<>""),"Il faut seulement écrire un message d'erreur pour NC","")) | I44: =E44 -> 0 | J44: ='P02'!E44 -> 0 | K44: ='P03'!K44 -> 0
A45: 44 | B45: 11.9 | C45: Dans chaque formulaire, l’intitulé de chaque bouton est-il pertinent (hors cas particuliers) ? | H45: =IF(AND(E45="NC",G45=""),"Il manque un message d'erreur", IF(AND(E45<>"NC",G45<>""),"Il faut seulement écrire un message d'erreur pour NC","")) | I45: =E45 -> 0 | J45: ='P02'!E45 -> 0 | K45: ='P03'!K45 -> 0
A46: 45 | B46: 11.10 | C46: Dans chaque formulaire, le contrôle de saisie est-il utilisé de manière pertinente (hors cas particuliers) ? | H46: =IF(AND(E46="NC",G46=""),"Il manque un message d'erreur", IF(AND(E46<>"NC",G46<>""),"Il faut seulement écrire un message d'erreur pour NC","")) | I46: =E46 -> 0 | J46: ='P02'!E46 -> 0 | K46: ='P03'!K46 -> 0
A47: 46 | B47: 12.6 | C47: Les zones de regroupement de contenus présentes dans plusieurs pages web (zones d’en-tête, de navigation principale, de contenu principal, de pied de page et de moteur de recherche) peuvent-elles être atteintes ou évitées ? | H47: =IF(AND(E47="NC",G47=""),"Il manque un message d'erreur", IF(AND(E47<>"NC",G47<>""),"Il faut seulement écrire un message d'erreur pour NC","")) | I47: =E47 -> 0 | J47: ='P02'!E47 -> 0 | K47: ='P03'!K47 -> 0
A48: 47 | B48: 12.7 | C48: Dans chaque page web, un lien d’évitement ou d’accès rapide à la zone de contenu principal est-il présent (hors cas particuliers) ? | H48: =IF(AND(E48="NC",G48=""),"Il manque un message d'erreur", IF(AND(E48<>"NC",G48<>""),"Il faut seulement écrire un message d'erreur pour NC","")) | I48: =E48 -> 0 | J48: ='P02'!E48 -> 0 | K48: ='P03'!K48 -> 0
A49: 48 | B49: 12.8 | C49: Dans chaque page web, l’ordre de tabulation est-il cohérent ? | H49: =IF(AND(E49="NC",G49=""),"Il manque un message d'erreur", IF(AND(E49<>"NC",G49<>""),"Il faut seulement écrire un message d'erreur pour NC","")) | I49: =E49 -> 0 | J49: ='P02'!E49 -> 0 | K49: ='P03'!K49 -> 0
A50: 49 | B50: 12.9 | C50: Dans chaque page web, la navigation ne doit pas contenir de piège au clavier. Cette règle est-elle respectée ? | H50: =IF(AND(E50="NC",G50=""),"Il manque un message d'erreur", IF(AND(E50<>"NC",G50<>""),"Il faut seulement écrire un message d'erreur pour NC","")) | I50: =E50 -> 0 | J50: ='P02'!E50 -> 0 | K50: ='P03'!K50 -> 0
A51: 50 | B51: 12.11 | C51: Dans chaque page web, les contenus additionnels apparaissant au survol, à la prise de focus ou à l’activation d’un composant d’interface sont-ils si nécessaire atteignables au clavier ? | H51: =IF(AND(E51="NC",G51=""),"Il manque un message d'erreur", IF(AND(E51<>"NC",G51<>""),"Il faut seulement écrire un message d'erreur pour NC","")) | I51: =E51 -> 0 | J51: ='P02'!E51 -> 0 | K51: ='P03'!K51 -> 0
A52: 51 | B52: 13.1 | C52: Pour chaque page web, l’utilisateur a-t-il le contrôle de chaque limite de temps modifiant le contenu (hors cas particuliers) ? | H52: =IF(AND(E52="NC",G52=""),"Il manque un message d'erreur", IF(AND(E52<>"NC",G52<>""),"Il faut seulement écrire un message d'erreur pour NC","")) | I52: =E52 -> 0 | J52: ='P02'!E52 -> 0 | K52: ='P03'!K52 -> 0
A53: 52 | B53: 13.7 | C53: Dans chaque page web, les changements brusques de luminosité ou les effets de flash sont-ils correctement utilisés ? | H53: =IF(AND(E53="NC",G53=""),"Il manque un message d'erreur", IF(AND(E53<>"NC",G53<>""),"Il faut seulement écrire un message d'erreur pour NC","")) | I53: =E53 -> 0 | J53: ='P02'!E53 -> 0 | K53: ='P03'!K53 -> 0
A54: 53 | B54: 13.8 | C54: Dans chaque page web, chaque contenu en mouvement ou clignotant est-il contrôlable par l’utilisateur ? | H54: =IF(AND(E54="NC",G54=""),"Il manque un message d'erreur", IF(AND(E54<>"NC",G54<>""),"Il faut seulement écrire un message d'erreur pour NC","")) | I54: =E54 -> 0 | J54: ='P02'!E54 -> 0 | K54: ='P03'!K54 -> 0

Sheet P02
A1: Critère-INC | B1: Critère | C1: Recommandation | D1: Statut-Auto-NA | E1: Statut | F1: Dérogation | G1: Problèmes détectés | H1: Check-Problèmes-Détectés | I1: P01 | J1: ="P02 " & COUNTA(E2:E54) &"/"&COUNTA(C2:C54) -> P02 0/53 | K1: P03
A2: 1 | B2: 1.1 | C2: Chaque image porteuse d’information a-t-elle une alternative textuelle ? | H2: =IF(AND(E2="NC",G2=""),"Il manque un message d'erreur", IF(AND(E2<>"NC",G2<>""),"Il faut seulement écrire un message d'erreur pour NC","")) | I2: ='P01'!E2 -> 0 | J2: =E2 -> 0 | K2: ='P03'!E2 -> 0
A3: 2 | B3: 1.2 | C3: Chaque image de décoration est-elle correctement ignorée par les technologies d’assistance ? | H3: =IF(AND(E3="NC",G3=""),"Il manque un message d'erreur", IF(AND(E3<>"NC",G3<>""),"Il faut seulement écrire un message d'erreur pour NC","")) | I3: ='P01'!E3 -> 0 | J3: =E3 -> 0 | K3: ='P03'!E3 -> 0
A4: 3 | B4: 1.3 | C4: Pour chaque image porteuse d'information ayant une alternative textuelle, cette alternative est-elle pertinente (hors cas particuliers) ? | D4: =IF(OR(E2="NA",E2="NC"),"NA",T3) -> 0 | H4: =IF(AND(E4="NC",G4=""),"Il manque un message d'erreur", IF(AND(E4<>"NC",G4<>""),"Il faut seulement écrire un message d'erreur pour NC","")) | I4: ='P01'!E4 -> 0 | J4: =E4 -> 0 | K4: ='P03'!E4 -> 0
A5: 4 | B5: 1.4 | C5: Pour chaque image utilisée comme CAPTCHA ou comme image-test, ayant une alternative textuelle, cette alternative permet-elle d’identifier la nature et la fonction de l’image ? | H5: =IF(AND(E5="NC",G5=""),"Il manque un message d'erreur", IF(AND(E5<>"NC",G5<>""),"Il faut seulement écrire un message d'erreur pour NC","")) | I5: ='P01'!E5 -> 0 | J5: =E5 -> 0 | K5: ='P03'!E5 -> 0
A6: 5 | B6: 1.5 | C6: Pour chaque image utilisée comme CAPTCHA, une solution d’accès alternatif au contenu ou à la fonction du CAPTCHA est-elle présente ? | H6: =IF(AND(E6="NC",G6=""),"Il manque un message d'erreur", IF(AND(E6<>"NC",G6<>""),"Il faut seulement écrire un message d'erreur pour NC","")) | I6: ='P01'!E6 -> 0 | J6: =E6 -> 0 | K6: ='P03'!E6 -> 0
A7: 6 | B7: 1.6 | C7: Chaque image porteuse d’information a-t-elle, si nécessaire, une description détaillée ? | D7: =IF(OR(E2="NA",E2="NC"),"NA",T6) -> 0 | H7: =IF(AND(E7="NC",G7=""),"Il manque un message d'erreur", IF(AND(E7<>"NC",G7<>""),"Il faut seulement écrire un message d'erreur pour NC","")) | I7: ='P01'!E7 -> 0 | J7: =E7 -> 0 | K7: ='P03'!E7 -> 0
A8: 7 | B8: 1.7 | C8: Pour chaque image porteuse d’information ayant une description détaillée, cette description est-elle pertinente ? | D8: =IF(OR(E2="NA",E2="NC"),"NA",T7) -> 0 | H8: =IF(AND(E8="NC",G8=""),"Il manque un message d'erreur", IF(AND(E8<>"NC",G8<>""),"Il faut seulement écrire un message d'erreur pour NC","")) | I8: ='P01'!E8 -> 0 | J8: =E8 -> 0 | K8: ='P03'!E8 -> 0
A9: 8 | B9: 2.1 | C9: Chaque cadre a-t-il un titre de cadre ? | H9: =IF(AND(E9="NC",G9=""),"Il manque un message d'erreur", IF(AND(E9<>"NC",G9<>""),"Il faut seulement écrire un message d'erreur pour NC","")) | I9: ='P01'!E9 -> 0 | J9: =E9 -> 0 | K9: ='P03'!E9 -> 0
A10: 9 | B10: 3.1 | C10: Dans chaque page web, l’information ne doit pas être donnée uniquement par la couleur. Cette règle est-elle respectée ? | H10: =IF(AND(E10="NC",G10=""),"Il manque un message d'erreur", IF(AND(E10<>"NC",G10<>""),"Il faut seulement écrire un message d'erreur pour NC","")) | I10: ='P01'!E10 -> 0 | J10: =E10 -> 0 | K10: ='P03'!E10 -> 0
A11: 10 | B11: 3.2 | C11: Dans chaque page web, le contraste entre la couleur du texte et la couleur de son arrière-plan est-il suffisamment élevé (hors cas particuliers) ? | H11: =IF(AND(E11="NC",G11=""),"Il manque un message d'erreur", IF(AND(E11<>"NC",G11<>""),"Il faut seulement écrire un message d'erreur pour NC","")) | I11: ='P01'!E11 -> 0 | J11: =E11 -> 0 | K11: ='P03'!E11 -> 0
A12: 11 | B12: 4.1 | C12: Chaque média temporel pré-enregistré a-t-il, si nécessaire, une transcription textuelle ou une audiodescription (hors cas particuliers) ? | H12: =IF(AND(E12="NC",G12=""),"Il manque un message d'erreur", IF(AND(E12<>"NC",G12<>""),"Il faut seulement écrire un message d'erreur pour NC","")) | I12: ='P01'!E12 -> 0 | J12: =E12 -> 0 | K12: ='P03'!E12 -> 0
A13: 12 | B13: 4.2 | C13: Pour chaque média temporel pré-enregistré ayant une transcription textuelle ou une audiodescription synchronisée, celles-ci sont-elles pertinentes (hors cas particuliers) ? | D13: =IF(OR(E12="NA",E12="NC"),"NA",T13) -> 0 | H13: =IF(AND(E13="NC",G13=""),"Il manque un message d'erreur", IF(AND(E13<>"NC",G13<>""),"Il faut seulement écrire un message d'erreur pour NC","")) | I13: ='P01'!E13 -> 0 | J13: =E13 -> 0 | K13: ='P03'!E13 -> 0
A14: 13 | B14: 4.3 | C14: Chaque média temporel synchronisé pré-enregistré a-t-il, si nécessaire, des sous-titres synchronisés (hors cas particuliers) ? | D14: =IF(OR(E12="NA",E12="NC"),"NA",T14) -> 0 | H14: =IF(AND(E14="NC",G14=""),"Il manque un message d'erreur", IF(AND(E14<>"NC",G14<>""),"Il faut seulement écrire un message d'erreur pour NC","")) | I14: ='P01'!E14 -> 0 | J14: =E14 -> 0 | K14: ='P03'!E14 -> 0
A15: 14 | B15: 4.4 | C15: Pour chaque média temporel synchronisé pré-enregistré ayant des sous-titres synchronisés, ces sous-titres sont-ils pertinents ? | D15: =IF(OR(E12="NA",E12="NC"),"NA",T15) -> 0 | H15: =IF(AND(E15="NC",G15=""),"Il manque un message d'erreur", IF(AND(E15<>"NC",G15<>""),"Il faut seulement écrire un message d'erreur pour NC","")) | I15: ='P01'!E15 -> 0 | J15: =E15 -> 0 | K15: ='P03'!E15 -> 0
A16: 15 | B16: 4.8 | C16: Chaque média non temporel a-t-il, si nécessaire, une alternative (hors cas particuliers) ? | H16: =IF(AND(E16="NC",G16=""),"Il manque un message d'erreur", IF(AND(E16<>"NC",G16<>""),"Il faut seulement écrire un message d'erreur pour NC","")) | I16: ='P01'!E16 -> 0 | J16: =E16 -> 0 | K16: ='P03'!E16 -> 0
A17: 16 | B17: 4.9 | C17: Pour chaque média non temporel ayant une alternative, cette alternative est-elle pertinente ? | D17: =IF(OR(E16="NA",E16="NC"),"NA",T21) -> 0 | H17: =IF(AND(E17="NC",G17=""),"Il manque un message d'erreur", IF(AND(E17<>"NC",G17<>""),"Il faut seulement écrire un message d'erreur pour NC","")) | I17: ='P01'!E17 -> 0 | J17: =E17 -> 0 | K17: ='P03'!E17 -> 0
A18: 17 | B18: 4.10 | C18: Chaque son déclenché automatiquement est-il contrôlable par l’utilisateur ? | H18: =IF(AND(E18="NC",G18=""),"Il manque un message d'erreur", IF(AND(E18<>"NC",G18<>""),"Il faut seulement écrire un message d'erreur pour NC","")) | I18: ='P01'!E18 -> 0 | J18: =E18 -> 0 | K18: ='P03'!E18 -> 0
A19: 18 | B19: 4.11 | C19: La consultation de chaque média temporel est-elle, si nécessaire, contrôlable par le clavier et tout dispositif de pointage ? | D19: =IF(OR(E12="NA",E12="NC"),"NA",T16) -> 0 | H19: =IF(AND(E19="NC",G19=""),"Il manque un message d'erreur", IF(AND(E19<>"NC",G19<>""),"Il faut seulement écrire un message d'erreur pour NC","")) | I19: ='P01'!E19 -> 0 | J19: =E19 -> 0 | K19: ='P03'!E19 -> 0
A20: 19 | B20: 5.6 | C20: Pour chaque tableau de données, chaque en-tête de colonnes et chaque en-tête de lignes sont-ils correctement déclarés ? | H20: =IF(AND(E20="NC",G20=""),"Il manque un message d'erreur", IF(AND(E20<>"NC",G20<>""),"Il faut seulement écrire un message d'erreur pour NC","")) | I20: ='P01'!E20 -> 0 | J20: =E20 -> 0 | K20: ='P03'!E20 -> 0
A21: 20 | B21: 5.7 | C21: Pour chaque tableau de données, la technique appropriée permettant d’associer chaque cellule avec ses en-têtes est-elle utilisée (hors cas particuliers) ? | D21: =IF(OR(E20="NA",E20="NC"),"NA",T27) -> 0 | H21: =IF(AND(E21="NC",G21=""),"Il manque un message d'erreur", IF(AND(E21<>"NC",G21<>""),"Il faut seulement écrire un message d'erreur pour NC","")) | I21: ='P01'!E21 -> 0 | J21: =E21 -> 0 | K21: ='P03'!E21 -> 0
A22: 21 | B22: 6.1 | C22: Chaque lien est-il explicite (hors cas particuliers) ? | H22: =IF(AND(E22="NC",G22=""),"Il manque un message d'erreur", IF(AND(E22<>"NC",G22<>""),"Il faut seulement écrire un message d'erreur pour NC","")) | I22: ='P01'!E22 -> 0 | J22: =E22 -> 0 | K22: ='P03'!E22 -> 0
A23: 22 | B23: 6.2 | C23: Dans chaque page web, chaque lien a-t-il un intitulé ? | H23: =IF(AND(E23="NC",G23=""),"Il manque un message d'erreur", IF(AND(E23<>"NC",G23<>""),"Il faut seulement écrire un message d'erreur pour NC","")) | I23: ='P01'!E23 -> 0 | J23: =E23 -> 0 | K23: ='P03'!E23 -> 0
A24: 23 | B24: 7.3 | C24: Chaque script est-il contrôlable par le clavier et par tout dispositif de pointage (hors cas particuliers) ? | H24: =IF(AND(E24="NC",G24=""),"Il manque un message d'erreur", IF(AND(E24<>"NC",G24<>""),"Il faut seulement écrire un message d'erreur pour NC","")) | I24: ='P01'!E24 -> 0 | J24: =E24 -> 0 | K24: ='P03'!E24 -> 0
A25: 24 | B25: 8.1 | C25: Chaque page web est-elle définie par un type de document ? | I25: ='P01'!E25 -> 0 | J25: =E25 -> 0 | K25: ='P03'!E25 -> 0
A26: 25 | B26: 8.2 | C26: Pour chaque page web, le code source généré est-il valide selon le type de document spécifié (hors cas particuliers) ? | H26: =IF(AND(E26="NC",G26=""),"Il manque un message d'erreur", IF(AND(E26<>"NC",G26<>""),"Il faut seulement écrire un message d'erreur pour NC","")) | I26: ='P01'!E26 -> 0 | J26: =E26 -> 0 | K26: ='P03'!E26 -> 0
A27: 26 | B27: 8.3 | C27: Dans chaque page web, la langue par défaut est-elle présente ? | H27: =IF(AND(E27="NC",G27=""),"Il manque un message d'erreur", IF(AND(E27<>"NC",G27<>""),"Il faut seulement écrire un message d'erreur pour NC","")) | I27: ='P01'!E27 -> 0 | J27: =E27 -> 0 | K27: ='P03'!E27 -> 0
A28: 27 | B28: 8.4 | C28: Pour chaque page web ayant une langue par défaut, le code de langue est-il pertinent ? | H28: =IF(AND(E28="NC",G28=""),"Il manque un message d'erreur", IF(AND(E28<>"NC",G28<>""),"Il faut seulement écrire un message d'erreur pour NC","")) | I28: ='P01'!E28 -> 0 | J28: =E28 -> 0 | K28: ='P03'!E28 -> 0
A29: 28 | B29: 8.5 | C29: Chaque page web a-t-elle un titre de page ? | D29: =IF(E28="NA","NA",U36) -> 0 | H29: =IF(AND(E29="NC",G29=""),"Il manque un message d'erreur", IF(AND(E29<>"NC",G29<>""),"Il faut seulement écrire un message d'erreur pour NC","")) | I29: ='P01'!E29 -> 0 | J29: =E29 -> 0 | K29: ='P03'!E29 -> 0
A30: 29 | B30: 8.6 | C30: Pour chaque page web ayant un titre de page, ce titre est-il pertinent ? | H30: =IF(AND(E30="NC",G30=""),"Il manque un message d'erreur", IF(AND(E30<>"NC",G30<>""),"Il faut seulement écrire un message d'erreur pour NC","")) | I30: ='P01'!E30 -> 0 | J30: =E30 -> 0 | K30: ='P03'!E30 -> 0
A31: 30 | B31: 8.7 | C31: Dans chaque page web, chaque changement de langue est-il indiqué dans le code source (hors cas particuliers) ? | H31: =IF(AND(E31="NC",G31=""),"Il manque un message d'erreur", IF(AND(E31<>"NC",G31<>""),"Il faut seulement écrire un message d'erreur pour NC","")) | I31: ='P01'!E31 -> 0 | J31: =E31 -> 0 | K31: ='P03'!E31 -> 0
A32: 31 | B32: 8.8 | C32: Dans chaque page web, le code de langue de chaque changement de langue est-il valide et pertinent ? | H32: =IF(AND(E32="NC",G32=""),"Il manque un message d'erreur", IF(AND(E32<>"NC",G32<>""),"Il faut seulement écrire un message d'erreur pour NC","")) | I32: ='P01'!E32 -> 0 | J32: =E32 -> 0 | K32: ='P03'!E32 -> 0
A33: 32 | B33: 9.1 | C33: Dans chaque page web, l’information est-elle structurée par l’utilisation appropriée de titres ? | D33: =IF(OR(E32="NA",E32="NC"),"NA",T41) -> 0 | H33: =IF(AND(E33="NC",G33=""),"Il manque un message d'erreur", IF(AND(E33<>"NC",G33<>""),"Il faut seulement écrire un message d'erreur pour NC","")) | I33: ='P01'!E33 -> 0 | J33: =E33 -> 0 | K33: ='P03'!E33 -> 0
A34: 33 | B34: 9.2 | C34: Dans chaque page web, la structure du document est-elle cohérente (hors cas particuliers) ? | H34: =IF(AND(E34="NC",G34=""),"Il manque un message d'erreur", IF(AND(E34<>"NC",G34<>""),"Il faut seulement écrire un message d'erreur pour NC","")) | I34: ='P01'!E34 -> 0 | J34: =E34 -> 0 | K34: ='P03'!E34 -> 0
A35: 34 | B35: 10.7 | C35: Dans chaque page web, pour chaque élément recevant le focus, la prise de focus est-elle visible ? | H35: =IF(AND(E35="NC",G35=""),"Il manque un message d'erreur", IF(AND(E35<>"NC",G35<>""),"Il faut seulement écrire un message d'erreur pour NC","")) | I35: ='P01'!E35 -> 0 | J35: =E35 -> 0 | K35: ='P03'!E35 -> 0
A36: 35 | B36: 10.8 | C36: Pour chaque page web, les contenus cachés ont-ils vocation à être ignorés par les technologies d’assistance ? | H36: =IF(AND(E36="NC",G36=""),"Il manque un message d'erreur", IF(AND(E36<>"NC",G36<>""),"Il faut seulement écrire un message d'erreur pour NC","")) | I36: ='P01'!E36 -> 0 | J36: =E36 -> 0 | K36: ='P03'!E36 -> 0
A37: 36 | B37: 10.9 | C37: Dans chaque page web, l’information ne doit pas être donnée uniquement par la forme, taille ou position. Cette règle est-elle respectée ? | H37: =IF(AND(E37="NC",G37=""),"Il manque un message d'erreur", IF(AND(E37<>"NC",G37<>""),"Il faut seulement écrire un message d'erreur pour NC","")) | I37: ='P01'!E37 -> 0 | J37: =E37 -> 0 | K37: ='P03'!E37 -> 0
A38: 37 | B38: 10.10 | C38: Dans chaque page web, l’information ne doit pas être donnée par la forme, taille ou position uniquement. Cette règle est-elle implémentée de façon pertinente ? | H38: =IF(AND(E38="NC",G38=""),"Il manque un message d'erreur", IF(AND(E38<>"NC",G38<>""),"Il faut seulement écrire un message d'erreur pour NC","")) | I38: ='P01'!E38 -> 0 | J38: =E38 -> 0 | K38: ='P03'!E38 -> 0
A39: 38 | B39: 10.14 | C39: Dans chaque page web, les contenus additionnels apparaissant via les styles CSS uniquement peuvent-ils être rendus visibles au clavier et par tout dispositif de pointage ? | H39: =IF(AND(E39="NC",G39=""),"Il manque un message d'erreur", IF(AND(E39<>"NC",G39<>""),"Il faut seulement écrire un message d'erreur pour NC","")) | I39: ='P01'!E39 -> 0 | J39: =E39 -> 0 | K39: ='P03'!E39 -> 0
A40: 39 | B40: 11.1 | C40: Chaque champ de formulaire a-t-il une étiquette ? | H40: =IF(AND(E40="NC",G40=""),"Il manque un message d'erreur", IF(AND(E40<>"NC",G40<>""),"Il faut seulement écrire un message d'erreur pour NC","")) | I40: ='P01'!E40 -> 0 | J40: =E40 -> 0 | K40: ='P03'!E40 -> 0
A41: 40 | B41: 11.2 | C41: Chaque étiquette associée à un champ de formulaire est-elle pertinente (hors cas particuliers) ? | H41: =IF(AND(E41="NC",G41=""),"Il manque un message d'erreur", IF(AND(E41<>"NC",G41<>""),"Il faut seulement écrire un message d'erreur pour NC","")) | I41: ='P01'!E41 -> 0 | J41: =E41 -> 0 | K41: ='P03'!E41 -> 0
A42: 41 | B42: 11.5 | C42: Dans chaque formulaire, les champs de même nature sont-ils regroupés, si nécessaire ? | H42: =IF(AND(E42="NC",G42=""),"Il manque un message d'erreur", IF(AND(E42<>"NC",G42<>""),"Il faut seulement écrire un message d'erreur pour NC","")) | I42: ='P01'!E42 -> 0 | J42: =E42 -> 0 | K42: ='P03'!E42 -> 0
A43: 42 | B43: 11.6 | C43: Dans chaque formulaire, chaque regroupement de champs de même nature a-t-il une légende ? | H43: =IF(AND(E43="NC",G43=""),"Il manque un message d'erreur", IF(AND(E43<>"NC",G43<>""),"Il faut seulement écrire un message d'erreur pour NC","")) | I43: ='P01'!E43 -> 0 | J43: =E43 -> 0 | K43: ='P03'!E43 -> 0
A44: 43 | B44: 11.7 | C44: Dans chaque formulaire, chaque légende associée à un regroupement de champs de même nature est-elle pertinente ? | D44: =IF(OR(E43="NA",E43="NC"),"NA",T51) -> 0 | H44: =IF(AND(E44="NC",G44=""),"Il manque un message d'erreur", IF(AND(E44<>"NC",G44<>""),"Il faut seulement écrire un message d'erreur pour NC","")) | I44: ='P01'!E44 -> 0 | J44: =E44 -> 0 | K44: ='P03'!E44 -> 0
A45: 44 | B45: 11.9 | C45: Dans chaque formulaire, l’intitulé de chaque bouton est-il pertinent (hors cas particuliers) ? | D45: =IF(OR(E43="NA",E43="NC"),"NA",T52) -> 0 | H45: =IF(AND(E45="NC",G45=""),"Il manque un message d'erreur", IF(AND(E45<>"NC",G45<>""),"Il faut seulement écrire un message d'erreur pour NC","")) | I45: ='P01'!E45 -> 0 | J45: =E45 -> 0 | K45: ='P03'!E45 -> 0
A46: 45 | B46: 11.10 | C46: Dans chaque formulaire, le contrôle de saisie est-il utilisé de manière pertinente (hors cas particuliers) ? | H46: =IF(AND(E46="NC",G46=""),"Il manque un message d'erreur", IF(AND(E46<>"NC",G46<>""),"Il faut seulement écrire un message d'erreur pour NC","")) | I46: ='P01'!E46 -> 0 | J46: =E46 -> 0 | K46: ='P03'!E46 -> 0
A47: 46 | B47: 12.6 | C47: Les zones de regroupement de contenus présentes dans plusieurs pages web (zones d’en-tête, de navigation principale, de contenu principal, de pied de page et de moteur de recherche) peuvent-elles être atteintes ou évitées ? | H47: =IF(AND(E47="NC",G47=""),"Il manque un message d'erreur", IF(AND(E47<>"NC",G47<>""),"Il faut seulement écrire un message d'erreur pour NC","")) | I47: ='P01'!E47 -> 0 | J47: =E47 -> 0 | K47: ='P03'!E47 -> 0
A48: 47 | B48: 12.7 | C48: Dans chaque page web, un lien d’évitement ou d’accès rapide à la zone de contenu principal est-il présent (hors cas particuliers) ? | H48: =IF(AND(E48="NC",G48=""),"Il manque un message d'erreur", IF(AND(E48<>"NC",G48<>""),"Il faut seulement écrire un message d'erreur pour NC","")) | I48: ='P01'!E48 -> 0 | J48: =E48 -> 0 | K48: ='P03'!E48 -> 0
A49: 48 | B49: 12.8 | C49: Dans chaque page web, l’ordre de tabulation est-il cohérent ? | H49: =IF(AND(E49="NC",G49=""),"Il manque un message d'erreur", IF(AND(E49<>"NC",G49<>""),"Il faut seulement écrire un message d'erreur pour NC","")) | I49: ='P01'!E49 -> 0 | J49: =E49 -> 0 | K49: ='P03'!E49 -> 0
A50: 49 | B50: 12.9 | C50: Dans chaque page web, la navigation ne doit pas contenir de piège au clavier. Cette règle est-elle respectée ? | H50: =IF(AND(E50="NC",G50=""),"Il manque un message d'erreur", IF(AND(E50<>"NC",G50<>""),"Il faut seulement écrire un message d'erreur pour NC","")) | I50: ='P01'!E50 -> 0 | J50: =E50 -> 0 | K50: ='P03'!E50 -> 0
A51: 50 | B51: 12.11 | C51: Dans chaque page web, les contenus additionnels apparaissant au survol, à la prise de focus ou à l’activation d’un composant d’interface sont-ils si nécessaire atteignables au clavier ? | H51: =IF(AND(E51="NC",G51=""),"Il manque un message d'erreur", IF(AND(E51<>"NC",G51<>""),"Il faut seulement écrire un message d'erreur pour NC","")) | I51: ='P01'!E51 -> 0 | J51: =E51 -> 0 | K51: ='P03'!E51 -> 0
A52: 51 | B52: 13.1 | C52: Pour chaque page web, l’utilisateur a-t-il le contrôle de chaque limite de temps modifiant le contenu (hors cas particuliers) ? | H52: =IF(AND(E52="NC",G52=""),"Il manque un message d'erreur", IF(AND(E52<>"NC",G52<>""),"Il faut seulement écrire un message d'erreur pour NC","")) | I52: ='P01'!E52 -> 0 | J52: =E52 -> 0 | K52: ='P03'!E52 -> 0
A53: 52 | B53: 13.7 | C53: Dans chaque page web, les changements brusques de luminosité ou les effets de flash sont-ils correctement utilisés ? | H53: =IF(AND(E53="NC",G53=""),"Il manque un message d'erreur", IF(AND(E53<>"NC",G53<>""),"Il faut seulement écrire un message d'erreur pour NC","")) | I53: ='P01'!E53 -> 0 | J53: =E53 -> 0 | K53: ='P03'!E53 -> 0
A54: 53 | B54: 13.8 | C54: Dans chaque page web, chaque contenu en mouvement ou clignotant est-il contrôlable par l’utilisateur ? | H54: =IF(AND(E54="NC",G54=""),"Il manque un message d'erreur", IF(AND(E54<>"NC",G54<>""),"Il faut seulement écrire un message d'erreur pour NC","")) | I54: ='P01'!E54 -> 0 | J54: =E54 -> 0 | K54: ='P03'!E54 -> 0

Sheet P03
A1: Critère-INC | B1: Critère | C1: Recommandation | D1: Statut-Auto-NA | E1: Statut | F1: Dérogation | G1: Problèmes détectés | H1: Check-Problèmes-Détectés | I1: P01 | J1: P02 | K1: ="P03 " & COUNTA(E2:E54) &"/"&COUNTA(C2:C54) -> P03 0/53
A2: 1 | B2: 1.1 | C2: Chaque image porteuse d’information a-t-elle une alternative textuelle ? | H2: =IF(AND(E2="NC",G2=""),"Il manque un message d'erreur", IF(AND(E2<>"NC",G2<>""),"Il faut seulement écrire un message d'erreur pour NC","")) | I2: ='P01'!E2 -> 0 | J2: ='P02'!E2 -> 0 | K2: =E2 -> 0
A3: 2 | B3: 1.2 | C3: Chaque image de décoration est-elle correctement ignorée par les technologies d’assistance ? | H3: =IF(AND(E3="NC",G3=""),"Il manque un message d'erreur", IF(AND(E3<>"NC",G3<>""),"Il faut seulement écrire un message d'erreur pour NC","")) | I3: ='P01'!E3 -> 0 | J3: ='P02'!E3 -> 0 | K3: =E3 -> 0
A4: 3 | B4: 1.3 | C4: Pour chaque image porteuse d'information ayant une alternative textuelle, cette alternative est-elle pertinente (hors cas particuliers) ? | D4: =IF(OR(E2="NA",E2="NC"),"NA",T3) -> 0 | H4: =IF(AND(E4="NC",G4=""),"Il manque un message d'erreur", IF(AND(E4<>"NC",G4<>""),"Il faut seulement écrire un message d'erreur pour NC","")) | I4: ='P01'!E4 -> 0 | J4: ='P02'!E4 -> 0 | K4: =E4 -> 0
A5: 4 | B5: 1.4 | C5: Pour chaque image utilisée comme CAPTCHA ou comme image-test, ayant une alternative textuelle, cette alternative permet-elle d’identifier la nature et la fonction de l’image ? | H5: =IF(AND(E5="NC",G5=""),"Il manque un message d'erreur", IF(AND(E5<>"NC",G5<>""),"Il faut seulement écrire un message d'erreur pour NC","")) | I5: ='P01'!E5 -> 0 | J5: ='P02'!E5 -> 0 | K5: =E5 -> 0
A6: 5 | B6: 1.5 | C6: Pour chaque image utilisée comme CAPTCHA, une solution d’accès alternatif au contenu ou à la fonction du CAPTCHA est-elle présente ? | H6: =IF(AND(E6="NC",G6=""),"Il manque un message d'erreur", IF(AND(E6<>"NC",G6<>""),"Il faut seulement écrire un message d'erreur pour NC","")) | I6: ='P01'!E6 -> 0 | J6: ='P02'!E6 -> 0 | K6: =E6 -> 0
A7: 6 | B7: 1.6 | C7: Chaque image porteuse d’information a-t-elle, si nécessaire, une description détaillée ? | D7: =IF(OR(E2="NA",E2="NC"),"NA",T6) -> 0 | H7: =IF(AND(E7="NC",G7=""),"Il manque un message d'erreur", IF(AND(E7<>"NC",G7<>""),"Il faut seulement écrire un message d'erreur pour NC","")) | I7: ='P01'!E7 -> 0 | J7: ='P02'!E7 -> 0 | K7: =E7 -> 0
A8: 7 | B8: 1.7 | C8: Pour chaque image porteuse d’information ayant une description détaillée, cette description est-elle pertinente ? | D8: =IF(OR(E2="NA",E2="NC"),"NA",T7) -> 0 | H8: =IF(AND(E8="NC",G8=""),"Il manque un message d'erreur", IF(AND(E8<>"NC",G8<>""),"Il faut seulement écrire un message d'erreur pour NC","")) | I8: ='P01'!E8 -> 0 | J8: ='P02'!E8 -> 0 | K8: =E8 -> 0
A9: 8 | B9: 2.1 | C9: Chaque cadre a-t-il un titre de cadre ? | H9: =IF(AND(E9="NC",G9=""),"Il manque un message d'erreur", IF(AND(E9<>"NC",G9<>""),"Il faut seulement écrire un message d'erreur pour NC","")) | I9: ='P01'!E9 -> 0 | J9: ='P02'!E9 -> 0 | K9: =E9 -> 0
A10: 9 | B10: 3.1 | C10: Dans chaque page web, l’information ne doit pas être donnée uniquement par la couleur. Cette règle est-elle respectée ? | H10: =IF(AND(E10="NC",G10=""),"Il manque un message d'erreur", IF(AND(E10<>"NC",G10<>""),"Il faut seulement écrire un message d'erreur pour NC","")) | I10: ='P01'!E10 -> 0 | J10: ='P02'!E10 -> 0 | K10: =E10 -> 0
A11: 10 | B11: 3.2 | C11: Dans chaque page web, le contraste entre la couleur du texte et la couleur de son arrière-plan est-il suffisamment élevé (hors cas particuliers) ? | H11: =IF(AND(E11="NC",G11=""),"Il manque un message d'erreur", IF(AND(E11<>"NC",G11<>""),"Il faut seulement écrire un message d'erreur pour NC","")) | I11: ='P01'!E11 -> 0 | J11: ='P02'!E11 -> 0 | K11: =E11 -> 0
A12: 11 | B12: 4.1 | C12: Chaque média temporel pré-enregistré a-t-il, si nécessaire, une transcription textuelle ou une audiodescription (hors cas particuliers) ? | H12: =IF(AND(E12="NC",G12=""),"Il manque un message d'erreur", IF(AND(E12<>"NC",G12<>""),"Il faut seulement écrire un message d'erreur pour NC","")) | I12: ='P01'!E12 -> 0 | J12: ='P02'!E12 -> 0 | K12: =E12 -> 0
A13: 12 | B13: 4.2 | C13: Pour chaque média temporel pré-enregistré ayant une transcription textuelle ou une audiodescription synchronisée, celles-ci sont-elles pertinentes (hors cas particuliers) ? | D13: =IF(OR(E12="NA",E12="NC"),"NA",T13) -> 0 | H13: =IF(AND(E13="NC",G13=""),"Il manque un message d'erreur", IF(AND(E13<>"NC",G13<>""),"Il faut seulement écrire un message d'erreur pour NC","")) | I13: ='P01'!E13 -> 0 | J13: ='P02'!E13 -> 0 | K13: =E13 -> 0
A14: 13 | B14: 4.3 | C14: Chaque média temporel synchronisé pré-enregistré a-t-il, si nécessaire, des sous-titres synchronisés (hors cas particuliers) ? | D14: =IF(OR(E12="NA",E12="NC"),"NA",T14) -> 0 | H14: =IF(AND(E14="NC",G14=""),"Il manque un message d'erreur", IF(AND(E14<>"NC",G14<>""),"Il faut seulement écrire un message d'erreur pour NC","")) | I14: ='P01'!E14 -> 0 | J14: ='P02'!E14 -> 0 | K14: =E14 -> 0
A15: 14 | B15: 4.4 | C15: Pour chaque média temporel synchronisé pré-enregistré ayant des sous-titres synchronisés, ces sous-titres sont-ils pertinents ? | D15: =IF(OR(E12="NA",E12="NC"),"NA",T15) -> 0 | H15: =IF(AND(E15="NC",G15=""),"Il manque un message d'erreur", IF(AND(E15<>"NC",G15<>""),"Il faut seulement écrire un message d'erreur pour NC","")) | I15: ='P01'!E15 -> 0 | J15: ='P02'!E15 -> 0 | K15: =E15 -> 0
A16: 15 | B16: 4.8 | C16: Chaque média non temporel a-t-il, si nécessaire, une alternative (hors cas particuliers) ? | H16: =IF(AND(E16="NC",G16=""),"Il manque un message d'erreur", IF(AND(E16<>"NC",G16<>""),"Il faut seulement écrire un message d'erreur pour NC","")) | I16: ='P01'!E16 -> 0 | J16: ='P02'!E16 -> 0 | K16: =E16 -> 0
A17: 16 | B17: 4.9 | C17: Pour chaque média non temporel ayant une alternative, cette alternative est-elle pertinente ? | D17: =IF(OR(E16="NA",E16="NC"),"NA",T21) -> 0 | H17: =IF(AND(E17="NC",G17=""),"Il manque un message d'erreur", IF(AND(E17<>"NC",G17<>""),"Il faut seulement écrire un message d'erreur pour NC","")) | I17: ='P01'!E17 -> 0 | J17: ='P02'!E17 -> 0 | K17: =E17 -> 0
A18: 17 | B18: 4.10 | C18: Chaque son déclenché automatiquement est-il contrôlable par l’utilisateur ? | H18: =IF(AND(E18="NC",G18=""),"Il manque un message d'erreur", IF(AND(E18<>"NC",G18<>""),"Il faut seulement écrire un message d'erreur pour NC","")) | I18: ='P01'!E18 -> 0 | J18: ='P02'!E18 -> 0 | K18: =E18 -> 0
A19: 18 | B19: 4.11 | C19: La consultation de chaque média temporel est-elle, si nécessaire, contrôlable par le clavier et tout dispositif de pointage ? | D19: =IF(OR(E12="NA",E12="NC"),"NA",T16) -> 0 | H19: =IF(AND(E19="NC",G19=""),"Il manque un message d'erreur", IF(AND(E19<>"NC",G19<>""),"Il faut seulement écrire un message d'erreur pour NC","")) | I19: ='P01'!E19 -> 0 | J19: ='P02'!E19 -> 0 | K19: =E19 -> 0
A20: 19 | B20: 5.6 | C20: Pour chaque tableau de données, chaque en-tête de colonnes et chaque en-tête de lignes sont-ils correctement déclarés ? | H20: =IF(AND(E20="NC",G20=""),"Il manque un message d'erreur", IF(AND(E20<>"NC",G20<>""),"Il faut seulement écrire un message d'erreur pour NC","")) | I20: ='P01'!E20 -> 0 | J20: ='P02'!E20 -> 0 | K20: =E20 -> 0
A21: 20 | B21: 5.7 | C21: Pour chaque tableau de données, la technique appropriée permettant d’associer chaque cellule avec ses en-têtes est-elle utilisée (hors cas particuliers) ? | D21: =IF(OR(E20="NA",E20="NC"),"NA",T27) -> 0 | H21: =IF(AND(E21="NC",G21=""),"Il manque un message d'erreur", IF(AND(E21<>"NC",G21<>""),"Il faut seulement écrire un message d'erreur pour NC","")) | I21: ='P01'!E21 -> 0 | J21: ='P02'!E21 -> 0 | K21: =E21 -> 0
A22: 21 | B22: 6.1 | C22: Chaque lien est-il explicite (hors cas particuliers) ? | H22: =IF(AND(E22="NC",G22=""),"Il manque un message d'erreur", IF(AND(E22<>"NC",G22<>""),"Il faut seulement écrire un message d'erreur pour NC","")) | I22: ='P01'!E22 -> 0 | J22: ='P02'!E22 -> 0 | K22: =E22 -> 0
A23: 22 | B23: 6.2 | C23: Dans chaque page web, chaque lien a-t-il un intitulé ? | H23: =IF(AND(E23="NC",G23=""),"Il manque un message d'erreur", IF(AND(E23<>"NC",G23<>""),"Il faut seulement écrire un message d'erreur pour NC","")) | I23: ='P01'!E23 -> 0 | J23: ='P02'!E23 -> 0 | K23: =E23 -> 0
A24: 23 | B24: 7.3 | C24: Chaque script est-il contrôlable par le clavier et par tout dispositif de pointage (hors cas particuliers) ? | H24: =IF(AND(E24="NC",G24=""),"Il manque un message d'erreur", IF(AND(E24<>"NC",G24<>""),"Il faut seulement écrire un message d'erreur pour NC","")) | I24: ='P01'!E24 -> 0 | J24: ='P02'!E24 -> 0 | K24: =E24 -> 0
A25: 24 | B25: 8.1 | C25: Chaque page web est-elle définie par un type de document ? | I25: ='P01'!E25 -> 0 | J25: ='P02'!E25 -> 0 | K25: =E25 -> 0
A26: 25 | B26: 8.2 | C26: Pour chaque page web, le code source généré est-il valide selon le type de document spécifié (hors cas particuliers) ? | H26: =IF(AND(E26="NC",G26=""),"Il manque un message d'erreur", IF(AND(E26<>"NC",G26<>""),"Il faut seulement écrire un message d'erreur pour NC","")) | I26: ='P01'!E26 -> 0 | J26: ='P02'!E26 -> 0 | K26: =E26 -> 0
A27: 26 | B27: 8.3 | C27: Dans chaque page web, la langue par défaut est-elle présente ? | H27: =IF(AND(E27="NC",G27=""),"Il manque un message d'erreur", IF(AND(E27<>"NC",G27<>""),"Il faut seulement écrire un message d'erreur pour NC","")) | I27: ='P01'!E27 -> 0 | J27: ='P02'!E27 -> 0 | K27: =E27 -> 0
A28: 27 | B28: 8.4 | C28: Pour chaque page web ayant une langue par défaut, le code de langue est-il pertinent ? | H28: =IF(AND(E28="NC",G28=""),"Il manque un message d'erreur", IF(AND(E28<>"NC",G28<>""),"Il faut seulement écrire un message d'erreur pour NC","")) | I28: ='P01'!E28 -> 0 | J28: ='P02'!E28 -> 0 | K28: =E28 -> 0
A29: 28 | B29: 8.5 | C29: Chaque page web a-t-elle un titre de page ? | D29: =IF(E28="NA","NA",U36) -> 0 | H29: =IF(AND(E29="NC",G29=""),"Il manque un message d'erreur", IF(AND(E29<>"NC",G29<>""),"Il faut seulement écrire un message d'erreur pour NC","")) | I29: ='P01'!E29 -> 0 | J29: ='P02'!E29 -> 0 | K29: =E29 -> 0
A30: 29 | B30: 8.6 | C30: Pour chaque page web ayant un titre de page, ce titre est-il pertinent ? | H30: =IF(AND(E30="NC",G30=""),"Il manque un message d'erreur", IF(AND(E30<>"NC",G30<>""),"Il faut seulement écrire un message d'erreur pour NC","")) | I30: ='P01'!E30 -> 0 | J30: ='P02'!E30 -> 0 | K30: =E30 -> 0
A31: 30 | B31: 8.7 | C31: Dans chaque page web, chaque changement de langue est-il indiqué dans le code source (hors cas particuliers) ? | H31: =IF(AND(E31="NC",G31=""),"Il manque un message d'erreur", IF(AND(E31<>"NC",G31<>""),"Il faut seulement écrire un message d'erreur pour NC","")) | I31: ='P01'!E31 -> 0 | J31: ='P02'!E31 -> 0 | K31: =E31 -> 0
A32: 31 | B32: 8.8 | C32: Dans chaque page web, le code de langue de chaque changement de langue est-il valide et pertinent ? | H32: =IF(AND(E32="NC",G32=""),"Il manque un message d'erreur", IF(AND(E32<>"NC",G32<>""),"Il faut seulement écrire un message d'erreur pour NC","")) | I32: ='P01'!E32 -> 0 | J32: ='P02'!E32 -> 0 | K32: =E32 -> 0
A33: 32 | B33: 9.1 | C33: Dans chaque page web, l’information est-elle structurée par l’utilisation appropriée de titres ? | D33: =IF(OR(E32="NA",E32="NC"),"NA",T41) -> 0 | H33: =IF(AND(E33="NC",G33=""),"Il manque un message d'erreur", IF(AND(E33<>"NC",G33<>""),"Il faut seulement écrire un message d'erreur pour NC","")) | I33: ='P01'!E33 -> 0 | J33: ='P02'!E33 -> 0 | K33: =E33 -> 0
A34: 33 | B34: 9.2 | C34: Dans chaque page web, la structure du document est-elle cohérente (hors cas particuliers) ? | H34: =IF(AND(E34="NC",G34=""),"Il manque un message d'erreur", IF(AND(E34<>"NC",G34<>""),"Il faut seulement écrire un message d'erreur pour NC","")) | I34: ='P01'!E34 -> 0 | J34: ='P02'!E34 -> 0 | K34: =E34 -> 0
A35: 34 | B35: 10.7 | C35: Dans chaque page web, pour chaque élément recevant le focus, la prise de focus est-elle visible ? | H35: =IF(AND(E35="NC",G35=""),"Il manque un message d'erreur", IF(AND(E35<>"NC",G35<>""),"Il faut seulement écrire un message d'erreur pour NC","")) | I35: ='P01'!E35 -> 0 | J35: ='P02'!E35 -> 0 | K35: =E35 -> 0
A36: 35 | B36: 10.8 | C36: Pour chaque page web, les contenus cachés ont-ils vocation à être ignorés par les technologies d’assistance ? | H36: =IF(AND(E36="NC",G36=""),"Il manque un message d'erreur", IF(AND(E36<>"NC",G36<>""),"Il faut seulement écrire un message d'erreur pour NC","")) | I36: ='P01'!E36 -> 0 | J36: ='P02'!E36 -> 0 | K36: =E36 -> 0
A37: 36 | B37: 10.9 | C37: Dans chaque page web, l’information ne doit pas être donnée uniquement par la forme, taille ou position. Cette règle est-elle respectée ? | H37: =IF(AND(E37="NC",G37=""),"Il manque un message d'erreur", IF(AND(E37<>"NC",G37<>""),"Il faut seulement écrire un message d'erreur pour NC","")) | I37: ='P01'!E37 -> 0 | J37: ='P02'!E37 -> 0 | K37: =E37 -> 0
A38: 37 | B38: 10.10 | C38: Dans chaque page web, l’information ne doit pas être donnée par la forme, taille ou position uniquement. Cette règle est-elle implémentée de façon pertinente ? | H38: =IF(AND(E38="NC",G38=""),"Il manque un message d'erreur", IF(AND(E38<>"NC",G38<>""),"Il faut seulement écrire un message d'erreur pour NC","")) | I38: ='P01'!E38 -> 0 | J38: ='P02'!E38 -> 0 | K38: =E38 -> 0
A39: 38 | B39: 10.14 | C39: Dans chaque page web, les contenus additionnels apparaissant via les styles CSS uniquement peuvent-ils être rendus visibles au clavier et par tout dispositif de pointage ? | H39: =IF(AND(E39="NC",G39=""),"Il manque un message d'erreur", IF(AND(E39<>"NC",G39<>""),"Il faut seulement écrire un message d'erreur pour NC","")) | I39: ='P01'!E39 -> 0 | J39: ='P02'!E39 -> 0 | K39: =E39 -> 0
A40: 39 | B40: 11.1 | C40: Chaque champ de formulaire a-t-il une étiquette ? | H40: =IF(AND(E40="NC",G40=""),"Il manque un message d'erreur", IF(AND(E40<>"NC",G40<>""),"Il faut seulement écrire un message d'erreur pour NC","")) | I40: ='P01'!E40 -> 0 | J40: ='P02'!E40 -> 0 | K40: =E40 -> 0
A41: 40 | B41: 11.2 | C41: Chaque étiquette associée à un champ de formulaire est-elle pertinente (hors cas particuliers) ? | H41: =IF(AND(E41="NC",G41=""),"Il manque un message d'erreur", IF(AND(E41<>"NC",G41<>""),"Il faut seulement écrire un message d'erreur pour NC","")) | I41: ='P01'!E41 -> 0 | J41: ='P02'!E41 -> 0 | K41: =E41 -> 0
A42: 41 | B42: 11.5 | C42: Dans chaque formulaire, les champs de même nature sont-ils regroupés, si nécessaire ? | H42: =IF(AND(E42="NC",G42=""),"Il manque un message d'erreur", IF(AND(E42<>"NC",G42<>""),"Il faut seulement écrire un message d'erreur pour NC","")) | I42: ='P01'!E42 -> 0 | J42: ='P02'!E42 -> 0 | K42: =E42 -> 0
A43: 42 | B43: 11.6 | C43: Dans chaque formulaire, chaque regroupement de champs de même nature a-t-il une légende ? | H43: =IF(AND(E43="NC",G43=""),"Il manque un message d'erreur", IF(AND(E43<>"NC",G43<>""),"Il faut seulement écrire un message d'erreur pour NC","")) | I43: ='P01'!E43 -> 0 | J43: ='P02'!E43 -> 0 | K43: =E43 -> 0
A44: 43 | B44: 11.7 | C44: Dans chaque formulaire, chaque légende associée à un regroupement de champs de même nature est-elle pertinente ? | D44: =IF(OR(E43="NA",E43="NC"),"NA",T51) -> 0 | H44: =IF(AND(E44="NC",G44=""),"Il manque un message d'erreur", IF(AND(E44<>"NC",G44<>""),"Il faut seulement écrire un message d'erreur pour NC","")) | I44: ='P01'!E44 -> 0 | J44: ='P02'!E44 -> 0 | K44: =E44 -> 0
A45: 44 | B45: 11.9 | C45: Dans chaque formulaire, l’intitulé de chaque bouton est-il pertinent (hors cas particuliers) ? | D45: =IF(OR(E43="NA",E43="NC"),"NA",T52) -> 0 | H45: =IF(AND(E45="NC",G45=""),"Il manque un message d'erreur", IF(AND(E45<>"NC",G45<>""),"Il faut seulement écrire un message d'erreur pour NC","")) | I45: ='P01'!E45 -> 0 | J45: ='P02'!E45 -> 0 | K45: =E45 -> 0
A46: 45 | B46: 11.10 | C46: Dans chaque formulaire, le contrôle de saisie est-il utilisé de manière pertinente (hors cas particuliers) ? | H46: =IF(AND(E46="NC",G46=""),"Il manque un message d'erreur", IF(AND(E46<>"NC",G46<>""),"Il faut seulement écrire un message d'erreur pour NC","")) | I46: ='P01'!E46 -> 0 | J46: ='P02'!E46 -> 0 | K46: =E46 -> 0
A47: 46 | B47: 12.6 | C47: Les zones de regroupement de contenus présentes dans plusieurs pages web (zones d’en-tête, de navigation principale, de contenu principal, de pied de page et de moteur de recherche) peuvent-elles être atteintes ou évitées ? | H47: =IF(AND(E47="NC",G47=""),"Il manque un message d'erreur", IF(AND(E47<>"NC",G47<>""),"Il faut seulement écrire un message d'erreur pour NC","")) | I47: ='P01'!E47 -> 0 | J47: ='P02'!E47 -> 0 | K47: =E47 -> 0
A48: 47 | B48: 12.7 | C48: Dans chaque page web, un lien d’évitement ou d’accès rapide à la zone de contenu principal est-il présent (hors cas particuliers) ? | H48: =IF(AND(E48="NC",G48=""),"Il manque un message d'erreur", IF(AND(E48<>"NC",G48<>""),"Il faut seulement écrire un message d'erreur pour NC","")) | I48: ='P01'!E48 -> 0 | J48: ='P02'!E48 -> 0 | K48: =E48 -> 0
A49: 48 | B49: 12.8 | C49: Dans chaque page web, l’ordre de tabulation est-il cohérent ? | H49: =IF(AND(E49="NC",G49=""),"Il manque un message d'erreur", IF(AND(E49<>"NC",G49<>""),"Il faut seulement écrire un message d'erreur pour NC","")) | I49: ='P01'!E49 -> 0 | J49: ='P02'!E49 -> 0 | K49: =E49 -> 0
A50: 49 | B50: 12.9 | C50: Dans chaque page web, la navigation ne doit pas contenir de piège au clavier. Cette règle est-elle respectée ? | H50: =IF(AND(E50="NC",G50=""),"Il manque un message d'erreur", IF(AND(E50<>"NC",G50<>""),"Il faut seulement écrire un message d'erreur pour NC","")) | I50: ='P01'!E50 -> 0 | J50: ='P02'!E50 -> 0 | K50: =E50 -> 0
A51: 50 | B51: 12.11 | C51: Dans chaque page web, les contenus additionnels apparaissant au survol, à la prise de focus ou à l’activation d’un composant d’interface sont-ils si nécessaire atteignables au clavier ? | H51: =IF(AND(E51="NC",G51=""),"Il manque un message d'erreur", IF(AND(E51<>"NC",G51<>""),"Il faut seulement écrire un message d'erreur pour NC","")) | I51: ='P01'!E51 -> 0 | J51: ='P02'!E51 -> 0 | K51: =E51 -> 0
A52: 51 | B52: 13.1 | C52: Pour chaque page web, l’utilisateur a-t-il le contrôle de chaque limite de temps modifiant le contenu (hors cas particuliers) ? | H52: =IF(AND(E52="NC",G52=""),"Il manque un message d'erreur", IF(AND(E52<>"NC",G52<>""),"Il faut seulement écrire un message d'erreur pour NC","")) | I52: ='P01'!E52 -> 0 | J52: ='P02'!E52 -> 0 | K52: =E52 -> 0
A53: 52 | B53: 13.7 | C53: Dans chaque page web, les changements brusques de luminosité ou les effets de flash sont-ils correctement utilisés ? | H53: =IF(AND(E53="NC",G53=""),"Il manque un message d'erreur", IF(AND(E53<>"NC",G53<>""),"Il faut seulement écrire un message d'erreur pour NC","")) | I53: ='P01'!E53 -> 0 | J53: ='P02'!E53 -> 0 | K53: =E53 -> 0
A54: 53 | B54: 13.8 | C54: Dans chaque page web, chaque contenu en mouvement ou clignotant est-il contrôlable par l’utilisateur ? | H54: =IF(AND(E54="NC",G54=""),"Il manque un message d'erreur", IF(AND(E54<>"NC",G54<>""),"Il faut seulement écrire un message d'erreur pour NC","")) | I54: ='P01'!E54 -> 0 | J54: ='P02'!E54 -> 0 | K54: =E54 -> 0

Sheet NC
A1: Page | B1: Critère | C1: Critère-INC | D1: Messages NC | E1: Message NC Corrigé
A2: ="P01" -> P01 | B2: 1.1 | C2: 1 | D2: =VLOOKUP(C2,'P01'!A:G,7,FALSE) -> 0
A3: ="P01" -> P01 | B3: 1.2 | C3: 2 | D3: =VLOOKUP(C3,'P01'!A:G,7,FALSE) -> 0
A4: ="P01" -> P01 | B4: 1.3 | C4: 3 | D4: =VLOOKUP(C4,'P01'!A:G,7,FALSE) -> 0
A5: ="P01" -> P01 | B5: 1.4 | C5: 4 | D5: =VLOOKUP(C5,'P01'!A:G,7,FALSE) -> 0
A6: ="P01" -> P01 | B6: 1.5 | C6: 5 | D6: =VLOOKUP(C6,'P01'!A:G,7,FALSE) -> 0
A7: ="P01" -> P01 | B7: 1.6 | C7: 6 | D7: =VLOOKUP(C7,'P01'!A:G,7,FALSE) -> 0
A8: ="P01" -> P01 | B8: 1.7 | C8: 7 | D8: =VLOOKUP(C8,'P01'!A:G,7,FALSE) -> 0
A9: ="P01" -> P01 | B9: 2.1 | C9: 8 | D9: =VLOOKUP(C9,'P01'!A:G,7,FALSE) -> 0
A10: ="P01" -> P01 | B10: 3.1 | C10: 9 | D10: =VLOOKUP(C10,'P01'!A:G,7,FALSE) -> 0
A11: ="P01" -> P01 | B11: 3.2 | C11: 10 | D11: =VLOOKUP(C11,'P01'!A:G,7,FALSE) -> 0
A12: ="P01" -> P01 | B12: 4.1 | C12: 11 | D12: =VLOOKUP(C12,'P01'!A:G,7,FALSE) -> 0
A13: ="P01" -> P01 | B13: 4.2 | C13: 12 | D13: =VLOOKUP(C13,'P01'!A:G,7,FALSE) -> 0
A14: ="P01" -> P01 | B14: 4.3 | C14: 13 | D14: =VLOOKUP(C14,'P01'!A:G,7,FALSE) -> 0
A15: ="P01" -> P01 | B15: 4.4 | C15: 14 | D15: =VLOOKUP(C15,'P01'!A:G,7,FALSE) -> 0
A16: ="P01" -> P01 | B16: 4.8 | C16: 15 | D16: =VLOOKUP(C16,'P01'!A:G,7,FALSE) -> 0
A17: ="P01" -> P01 | B17: 4.9 | C17: 16 | D17: =VLOOKUP(C17,'P01'!A:G,7,FALSE) -> 0
A18: ="P01" -> P01 | B18: 4.10 | C18: 17 | D18: =VLOOKUP(C18,'P01'!A:G,7,FALSE) -> 0
A19: ="P01" -> P01 | B19: 4.11 | C19: 18 | D19: =VLOOKUP(C19,'P01'!A:G,7,FALSE) -> 0
A20: ="P01" -> P01 | B20: 5.6 | C20: 19 | D20: =VLOOKUP(C20,'P01'!A:G,7,FALSE) -> 0
A21: ="P01" -> P01 | B21: 5.7 | C21: 20 | D21: =VLOOKUP(C21,'P01'!A:G,7,FALSE) -> 0
... A53: ="P01" -> P01 | B53: 13.8 | C53: 52 | D53: =VLOOKUP(C53,'P01'!A:G,7,FALSE) -> 0
A54: ="P02" -> P02 | B54: 1.1 | C54: 1 | D54: =VLOOKUP(C54,'P02'!A:G,7,FALSE) -> 0
A55: ="P02" -> P02 | B55: 1.2 | C55: 2 | D55: =VLOOKUP(C55,'P02'!A:G,7,FALSE) -> 0
A56: ="P02" -> P02 | B56: 1.3 | C56: 3 | D56: =VLOOKUP(C56,'P02'!A:G,7,FALSE) -> 0
A57: ="P02" -> P02 | B57: 1.4 | C57: 4 | D57: =VLOOKUP(C57,'P02'!A:G,7,FALSE) -> 0
A58: ="P02" -> P02 | B58: 1.5 | C58: 5 | D58: =VLOOKUP(C58,'P02'!A:G,7,FALSE) -> 0
A59: ="P02" -> P02 | B59: 1.6 | C59: 6 | D59: =VLOOKUP(C59,'P02'!A:G,7,FALSE) -> 0
A60: ="P02" -> P02 | B60: 1.7 | C60: 7 | D60: =VLOOKUP(C60,'P02'!A:G,7,FALSE) -> 0
A61: ="P02" -> P02 | B61: 2.1 | C61: 8 | D61: =VLOOKUP(C61,'P02'!A:G,7,FALSE) -> 0
A62: ="P02" -> P02 | B62: 3.1 | C62: 9 | D62: =VLOOKUP(C62,'P02'!A:G,7,FALSE) -> 0
A63: ="P02" -> P02 | B63: 3.2 | C63: 10 | D63: =VLOOKUP(C63,'P02'!A:G,7,FALSE) -> 0
A64: ="P02" -> P02 | B64: 4.1 | C64: 11 | D64: =VLOOKUP(C64,'P02'!A:G,7,FALSE) -> 0
A65: ="P02" -> P02 | B65: 4.2 | C65: 12 | D65: =VLOOKUP(C65,'P02'!A:G,7,FALSE) -> 0
A66: ="P02" -> P02 | B66: 4.3 | C66: 13 | D66: =VLOOKUP(C66,'P02'!A:G,7,FALSE) -> 0
A67: ="P02" -> P02 | B67: 4.4 | C67: 14 | D67: =VLOOKUP(C67,'P02'!A:G,7,FALSE) -> 0
A68: ="P02" -> P02 | B68: 4.8 | C68: 15 | D68: =VLOOKUP(C68,'P02'!A:G,7,FALSE) -> 0
A69: ="P02" -> P02 | B69: 4.9 | C69: 16 | D69: =VLOOKUP(C69,'P02'!A:G,7,FALSE) -> 0
A70: ="P02" -> P02 | B70: 4.10 | C70: 17 | D70: =VLOOKUP(C70,'P02'!A:G,7,FALSE) -> 0
A71: ="P02" -> P02 | B71: 4.11 | C71: 18 | D71: =VLOOKUP(C71,'P02'!A:G,7,FALSE) -> 0
A72: ="P02" -> P02 | B72: 5.6 | C72: 19 | D72: =VLOOKUP(C72,'P02'!A:G,7,FALSE) -> 0
A73: ="P02" -> P02 | B73: 5.7 | C73: 20 | D73: =VLOOKUP(C73,'P02'!A:G,7,FALSE) -> 0
... A105: ="P02" -> P02 | B105: 13.8 | C105: 52 | D105: =VLOOKUP(C105,'P02'!A:G,7,FALSE) -> 0
A106: ="P03" -> P03 | B106: 1.1 | C106: 1 | D106: =VLOOKUP(C106,'P03'!A:G,7,FALSE) -> 0
A107: ="P03" -> P03 | B107: 1.2 | C107: 2 | D107: =VLOOKUP(C107,'P03'!A:G,7,FALSE) -> 0
A108: ="P03" -> P03 | B108: 1.3 | C108: 3 | D108: =VLOOKUP(C108,'P03'!A:G,7,FALSE) -> 0
A109: ="P03" -> P03 | B109: 1.4 | C109: 4 | D109: =VLOOKUP(C109,'P03'!A:G,7,FALSE) -> 0
A110: ="P03" -> P03 | B110: 1.5 | C110: 5 | D110: =VLOOKUP(C110,'P03'!A:G,7,FALSE) -> 0
A111: ="P03" -> P03 | B111: 1.6 | C111: 6 | D111: =VLOOKUP(C111,'P03'!A:G,7,FALSE) -> 0
A112: ="P03" -> P03 | B112: 1.7 | C112: 7 | D112: =VLOOKUP(C112,'P03'!A:G,7,FALSE) -> 0
A113: ="P03" -> P03 | B113: 2.1 | C113: 8 | D113: =VLOOKUP(C113,'P03'!A:G,7,FALSE) -> 0
A114: ="P03" -> P03 | B114: 3.1 | C114: 9 | D114: =VLOOKUP(C114,'P03'!A:G,7,FALSE) -> 0
A115: ="P03" -> P03 | B115: 3.2 | C115: 10 | D115: =VLOOKUP(C115,'P03'!A:G,7,FALSE) -> 0
A116: ="P03" -> P03 | B116: 4.1 | C116: 11 | D116: =VLOOKUP(C116,'P03'!A:G,7,FALSE) -> 0
A117: ="P03" -> P03 | B117: 4.2 | C117: 12 | D117: =VLOOKUP(C117,'P03'!A:G,7,FALSE) -> 0
A118: ="P03" -> P03 | B118: 4.3 | C118: 13 | D118: =VLOOKUP(C118,'P03'!A:G,7,FALSE) -> 0
A119: ="P03" -> P03 | B119: 4.4 | C119: 14 | D119: =VLOOKUP(C119,'P03'!A:G,7,FALSE) -> 0
A120: ="P03" -> P03 | B120: 4.8 | C120: 15 | D120: =VLOOKUP(C120,'P03'!A:G,7,FALSE) -> 0
A121: ="P03" -> P03 | B121: 4.9 | C121: 16 | D121: =VLOOKUP(C121,'P03'!A:G,7,FALSE) -> 0
A122: ="P03" -> P03 | B122: 4.10 | C122: 17 | D122: =VLOOKUP(C122,'P03'!A:G,7,FALSE) -> 0
A123: ="P03" -> P03 | B123: 4.11 | C123: 18 | D123: =VLOOKUP(C123,'P03'!A:G,7,FALSE) -> 0
A124: ="P03" -> P03 | B124: 5.6 | C124: 19 | D124: =VLOOKUP(C124,'P03'!A:G,7,FALSE) -> 0
A125: ="P03" -> P03 | B125: 5.7 | C125: 20 | D125: =VLOOKUP(C125,'P03'!A:G,7,FALSE) -> 0
... A157: ="P03" -> P03 | B157: 13.8 | C157: 52 | D157: =VLOOKUP(C157,'P03'!A:G,7,FALSE) -> 0
